program	exit	expected_exit	passed	program_sha256	target_sha256	stdout_sha256
cheribsd-abi	0	0	True	bc4faad5503df79cbe9f044acfc54b4b11de52c0a07a4921699feb34852e3e67		9470e900152738b85544c73ceb0dd0f3fe53261bd3ce0d1460cae0d0201561c3
cheribsd-bounds	162	162	True	bc4faad5503df79cbe9f044acfc54b4b11de52c0a07a4921699feb34852e3e67		904c72f88b254911f97105bb6cd1e232e373cf2d3da7dc149ab2d9c83b780a7f
subobj-control	162	162	True	ac8a1c89aec57378287c959d6220387df37746969316274b9c21bbbd99af5ed9		9622f485d95efdf858323553d70bb2ddeba8072c508c673b4441d77c67a35ab8
carve-control-fixed	0	0	True	805ab6e9dcd207eec32469cbbddae017bc67d67f32fbca64227dd3182a3ca4df		7b2e691a38b39597b7770f47ab1d47145920ed0b4b861780e3ab2d9276832c77
carve-control-buggy	0	0	True	3ea1c35ee85564542ede7a2c035adc0778725590a6c32e850997d4aa55c7a374	805ab6e9dcd207eec32469cbbddae017bc67d67f32fbca64227dd3182a3ca4df	9207c3efeaa7ca406187c35d8445157b27f2ef1e100e556938351749ea3e2651
ffc-00-fixed	0	0	True	fef19d0382ed00886d5af7d6de6373120cbb0c0fc87c1cea5affc22e210aebb5		b281813c4f86c7a15875145e1fdee5e70c50d583458ad752cdc633255f69a747
ffc-00-buggy	0	0	True	3ea1c35ee85564542ede7a2c035adc0778725590a6c32e850997d4aa55c7a374	fef19d0382ed00886d5af7d6de6373120cbb0c0fc87c1cea5affc22e210aebb5	cd97ed2c94d38e0803260462c597008def32d240f01f3509712251f68b243e59
ffc-01-fixed	0	0	True	a37ef8b5d0a32ae048eb573dbccb7cdca5af0cb5f7a2f1e35b5fd0b6aa7859ca		f525d5d9ab9157c538ce7fe4c6639d0d1c13dddd817316d00c32e52963e0b2cf
ffc-01-buggy	0	0	True	7867743c6d8dc0b653a802776f7b1920ff1712bd0405da756edb4a1130868778	a37ef8b5d0a32ae048eb573dbccb7cdca5af0cb5f7a2f1e35b5fd0b6aa7859ca	393fa3d2b3a8e28b4e8e1babe7c4201fad56200e9acc0abb81a5ecbf693b19dc
ffc-02-fixed	0	0	True	d44a17ccdf8c1c6c0687c4d47736ca03891fcf9c3a4a8328d7c809d98d637435		88905d39fb26a0258fc611c67b2f7737e0b88cbbe5a52bf63fc475b5fabb57bb
ffc-02-buggy	0	0	True	af46d12341ca611618530bdbb889278ddcca7c109ffa0deaa9a435423d082454	d44a17ccdf8c1c6c0687c4d47736ca03891fcf9c3a4a8328d7c809d98d637435	dc1b41ad658ab79c15270f0ff9ddda1a43363b6211c63485630369bcfcf213cf
ffc-03-fixed	0	0	True	3c9a68a5502c3b9e8b8236438c4421dafebba3a3bf872fd883b22a4da45a0d95		e10af692d4b5716623a9aef5349b810074cc838879c6dc975b6d459401c4676c
ffc-03-buggy	0	0	True	af46d12341ca611618530bdbb889278ddcca7c109ffa0deaa9a435423d082454	3c9a68a5502c3b9e8b8236438c4421dafebba3a3bf872fd883b22a4da45a0d95	018f0e6c01db698e5195b2bf58c0e99dca7dd8eca2c7f9ba8832c7ee01d6d269
ffc-04-fixed	0	0	True	8e9a5ca223944b2fc6d55bef18169f6d70f2ba8afa20c1fa885450d605219b2b		616491f990f571f98af0fddc62606ae5f010d01bf4efec2c04d9d3189cf42842
ffc-04-buggy	0	0	True	7867743c6d8dc0b653a802776f7b1920ff1712bd0405da756edb4a1130868778	8e9a5ca223944b2fc6d55bef18169f6d70f2ba8afa20c1fa885450d605219b2b	fc62c79421c6f7793e61e5de9e167672d219657debb092c1aa84ab5d20c4cff5
ffc-05-fixed	0	0	True	fcf89a73501ea8974c1cc49f9f4ab75f2e02c03e9222a61153937662eb1b0dca		fb645026919f276be0c83cde8c8d94d3d3d035d102bef64d41c46632abe475ec
ffc-05-buggy	0	0	True	7867743c6d8dc0b653a802776f7b1920ff1712bd0405da756edb4a1130868778	fcf89a73501ea8974c1cc49f9f4ab75f2e02c03e9222a61153937662eb1b0dca	5d45318e9578c3e9bb700d7af4093818551d92dc5616a11b58ba671734e07d9c
ffc-06-fixed	0	0	True	dad2e3b192fd7bc43d9aef532393e5e245ad3a60b4ea22df4b5ebf2aaf610c7e		3021211174cb2f7b92d3a45250491a579d875ff5bdd47e34b6a606e9336b3980
ffc-06-buggy	0	0	True	3ea1c35ee85564542ede7a2c035adc0778725590a6c32e850997d4aa55c7a374	dad2e3b192fd7bc43d9aef532393e5e245ad3a60b4ea22df4b5ebf2aaf610c7e	87d09ee9fbf31995e8b1411f942b2ada102ccc98dfc0b2fe830baf27f304932a
ffc-07-fixed	0	0	True	183cb72fdb9f3280ae13db1eed0cfa3d084f08f6dced6e567b8aa21a54b377cf		c2d7f550ce6f49fc979caa1523405773e51517f29618ee9e7438b8e9e552851a
ffc-07-buggy	0	0	True	3ea1c35ee85564542ede7a2c035adc0778725590a6c32e850997d4aa55c7a374	183cb72fdb9f3280ae13db1eed0cfa3d084f08f6dced6e567b8aa21a54b377cf	0794ac648b0640390e7b8b3aabb66795ab841bfd2b2afaf62de7f419e5db790b
ffc-08-fixed	0	0	True	f4d80de1bef579790353668836cfabe319c2fc721184db39b744b9a925fca818		84725ea392be30263d6d5ca652fec195e38c0bd4abcd933ab95e43be0d2fef14
ffc-08-buggy	0	0	True	7867743c6d8dc0b653a802776f7b1920ff1712bd0405da756edb4a1130868778	f4d80de1bef579790353668836cfabe319c2fc721184db39b744b9a925fca818	7513da1e2ea2d41ec3f980cfeba44f5c1b8dea90fecbc41159910423c89a4716
ffc-09-fixed	0	0	True	fef9346d21319c4d16dbbd2632cf178b92e92197e791332cd481cf41d5883ca1		b9c7a0761fc5e7d3a671737a8ade1a3a291e08600ca9993fd733743e531e1866
ffc-09-buggy	0	0	True	3ea1c35ee85564542ede7a2c035adc0778725590a6c32e850997d4aa55c7a374	fef9346d21319c4d16dbbd2632cf178b92e92197e791332cd481cf41d5883ca1	c1a40b730cbc7d07c32b15269f18223d0d88690c5027a1ac9def42817f60b9d2
ffc-10-fixed	0	0	True	a3333797ca80c7450f81f348ce8c67c1b794be1485a3d8301502972b05b2dbe8		1735f369dc021f8fcb3df27b5e64131754f2edc6af631b431f803b3eb6a87e44
ffc-10-buggy	0	0	True	3ea1c35ee85564542ede7a2c035adc0778725590a6c32e850997d4aa55c7a374	a3333797ca80c7450f81f348ce8c67c1b794be1485a3d8301502972b05b2dbe8	aabf9d2d7c71a76b4a214ed3fbff30ede5c812b2e1e5b598984e04beaa9d91f9
ffc-11-fixed	0	0	True	946a77be4a48a6f5c3633c3abb84e63be330556c624241233b7191aa5b069c0a		320d1d772818dfef93c18bd0ca662d6a7bb890b1046e7391b4f5e28269c77ff0
ffc-11-buggy	0	0	True	af46d12341ca611618530bdbb889278ddcca7c109ffa0deaa9a435423d082454	946a77be4a48a6f5c3633c3abb84e63be330556c624241233b7191aa5b069c0a	3d6f5228ad95db18aac54bf0e667bdfeff79ec9e52cc653bfdbe642e1d67f2f7
ffc-12-fixed	0	0	True	b3a9eb4d94fd6dad51592cd50ac8be5e8c6a514dcd8f10d64fdd9bf6b1e0b834		fc9d53a131383c2e6dc15810596c19984a3801e84479d5706f16eea3415a09f5
ffc-12-buggy	0	0	True	af46d12341ca611618530bdbb889278ddcca7c109ffa0deaa9a435423d082454	b3a9eb4d94fd6dad51592cd50ac8be5e8c6a514dcd8f10d64fdd9bf6b1e0b834	4e33606fccbae0ae403246835460e3c22329e92488ddbd3285502d2c91371625
