case	arm	verdict	cause	attributed	evidence
00_adfb203a7d_fts5_getvarint_stale_read	virtual-memsys5-nested	detected	24 (UNEXP_OP_TYPE)	--	capability fault cause=24 (UNEXP_OP_TYPE) pc=0x3fa221b30c
01_5e4233a9e4_agginfo_stale_after_realloc	virtual-memsys5-nested	silent	--	--	completed with status 0
02_b9e0f62c3a_backup_pager_after_detach	virtual-memsys5-nested	detected	24 (UNEXP_OP_TYPE)	--	capability fault cause=24 (UNEXP_OP_TYPE) pc=0x3fa04265b4
03_e464802d49_blob_close_after_db_close	virtual-memsys5-nested	silent	--	--	completed with status 0
04_8504d37b99_blob_write_after_reopen	virtual-memsys5-nested	silent	--	--	completed with status 0
05_6397a78b2b_detach_with_pending_trigger	virtual-memsys5-nested	detected	24 (UNEXP_OP_TYPE)	--	capability fault cause=24 (UNEXP_OP_TYPE) pc=0x3f9358c770
06_0c8c9a64b3_expert_rem_ctx_freed	virtual-memsys5-nested	silent	--	--	completed with status 134
07_129371553c_fts3_destroy_oom_stale_table	virtual-memsys5-nested	silent	--	--	completed with status 0
08_51dd67080a_fts3_offsets_stale_buffer	virtual-memsys5-nested	silent	--	--	completed with status 0
09_fix-2026-08-17_fts3_snippet_stale_buffer	virtual-memsys5-nested	silent	--	--	completed with status 0
10_becd68ba0d_fts3_snippet_or_stale_iter	virtual-memsys5-nested	silent	--	--	completed with status 0
11_dee0359ddb_fts3_zterm_stale_buffer	virtual-memsys5-nested	silent	--	--	completed with status 0
12_fb8ca7de0c_fts5_inplace_stale_leaf	virtual-memsys5-nested	detected	24 (UNEXP_OP_TYPE)	--	capability fault cause=24 (UNEXP_OP_TYPE) pc=0x3fa0618d7c
13_fix-2026-06-08_fts5_near_stale_phrase	virtual-memsys5-nested	detected	24 (UNEXP_OP_TYPE)	--	capability fault cause=24 (UNEXP_OP_TYPE) pc=0x3fb9e18b60
14_25e3073741_fts5_structure_release_refcount	virtual-memsys5-nested	detected	24 (UNEXP_OP_TYPE)	--	capability fault cause=24 (UNEXP_OP_TYPE) pc=0x3f9e618b34
15_2639ddc474_fts5_vocab_eof_stale_poslist	virtual-memsys5-nested	detected	24 (UNEXP_OP_TYPE)	--	capability fault cause=24 (UNEXP_OP_TYPE) pc=0x3f83618b30
16_unfixed_json_each_root_stale_key	virtual-memsys5-nested	silent	--	--	completed with status 0
17_28001204f4_json_each_static_stale_key	virtual-memsys5-nested	silent	--	--	completed with status 0
18_mem5-design_memsys5_inband_freelist_overwrite	virtual-memsys5-nested	silent	--	--	completed with status 0
19_c8c9cdd9dd_rtree_cursor_stale_node	virtual-memsys5-nested	detected	24 (UNEXP_OP_TYPE)	--	capability fault cause=24 (UNEXP_OP_TYPE) pc=0x3fbb616d4c
20_d21bd37c7c_rtree_inode0_stale_node	virtual-memsys5-nested	detected	24 (UNEXP_OP_TYPE)	--	capability fault cause=24 (UNEXP_OP_TYPE) pc=0x3fb76170e0
21_eab0e10304_rtree_static_bind_stale_text	virtual-memsys5-nested	silent	--	--	completed with status 0
22_fix-2026-07-26_spellfix_oom_stale_vtab	virtual-memsys5-nested	silent	--	--	completed with status 0
23_eab0e10304_fts3_static_bind_stale_text	virtual-memsys5-nested	silent	--	--	completed with status 0
24_d4b646997a_writable_schema_stale_table	virtual-memsys5-nested	silent	--	--	completed with status 0
25_415540ddaa_fts5_getvarint_overread	virtual-memsys5-nested	detected	24 (UNEXP_OP_TYPE)	--	capability fault cause=24 (UNEXP_OP_TYPE) pc=0x3fab21b30c
26_8f5b14a5c2_fts5_decode_getvarint32_overread	virtual-memsys5-nested	silent	--	--	completed with status 0
27_a783931794_fts3_getvarint_overread	virtual-memsys5-nested	silent	--	--	completed with status 0
28_c7def600bd_fts3_matchinfo_overread	virtual-memsys5-nested	silent	--	--	completed with status 0
29_fz02_btree_get4byte_page_overread	virtual-memsys5-nested	silent	--	--	completed with status 0
30_fz06_recordcompareint_overread	virtual-memsys5-nested	silent	--	--	completed with status 0
31_fz10_dbstat_decodepage_overflow	virtual-memsys5-nested	silent	--	--	completed with status 0
32_fz11_dbstat_freechain_overflow	virtual-memsys5-nested	silent	--	--	completed with status 0
