workload,arm,processes,issues,reissues,reissue_percent
sqlite-main,capstone-spatial,3,550137,548204,99.64863297687667
sqlite-main,capstone-sublet,3,550137,548204,99.64863297687667
sqlite-main,poisoncap-spatial,3,550137,547723,99.56120021012947
sqlite-main,poisoncap-temporal,3,550137,475087,86.35794356678427
mruby-ao8,capstone-spatial,3,217070,210916,97.16496982540194
mruby-ao8,capstone-sublet,3,217070,211028,97.21656608467315
mruby-ao8,poisoncap-spatial,3,217070,211028,97.21656608467315
mruby-ao8,poisoncap-temporal,3,217070,207854,95.75436495139817
mruby-ao16,capstone-spatial,3,915981,906710,98.98786110192242
mruby-ao16,capstone-sublet,3,915981,909946,99.34114353900354
mruby-ao16,poisoncap-spatial,3,915981,909946,99.34114353900354
mruby-ao16,poisoncap-temporal,3,915981,906765,98.99386559328195
ffmpeg-xvid,capstone-spatial,3,262,219,83.58778625954199
ffmpeg-xvid,capstone-sublet,3,262,219,83.58778625954199
ffmpeg-xvid,poisoncap-spatial,3,262,219,83.58778625954199
ffmpeg-xvid,poisoncap-temporal,3,262,219,83.58778625954199
ffmpeg-resize,capstone-spatial,3,1852,1751,94.54643628509719
ffmpeg-resize,capstone-sublet,3,1852,1751,94.54643628509719
ffmpeg-resize,poisoncap-spatial,3,1852,1751,94.54643628509719
ffmpeg-resize,poisoncap-temporal,3,1852,1751,94.54643628509719
ffmpeg-streams1,capstone-spatial,3,382,339,88.7434554973822
ffmpeg-streams1,capstone-sublet,3,382,339,88.7434554973822
ffmpeg-streams1,poisoncap-spatial,3,382,339,88.7434554973822
ffmpeg-streams1,poisoncap-temporal,3,382,339,88.7434554973822
ffmpeg-streams4,capstone-spatial,3,1528,1485,97.18586387434554
ffmpeg-streams4,capstone-sublet,3,1528,1485,97.18586387434554
ffmpeg-streams4,poisoncap-spatial,3,1528,1485,97.18586387434554
ffmpeg-streams4,poisoncap-temporal,3,1528,1485,97.18586387434554
ffmpeg-streams16,capstone-spatial,3,6112,6069,99.29646596858639
ffmpeg-streams16,capstone-sublet,3,6112,6069,99.29646596858639
ffmpeg-streams16,poisoncap-spatial,3,6112,6069,99.29646596858639
ffmpeg-streams16,poisoncap-temporal,3,6112,6069,99.29646596858639
