case	directory	arm	verdict	oracle
1	01_12a6206864a0_to_char_tz_overflow	spatial	not-run	
1	01_12a6206864a0_to_char_tz_overflow	sublet	not-run	
1	01_12a6206864a0_to_char_tz_overflow	cheribsd-revocation	silent	completes; the defect is witnessed by PostgreSQL's own check or by the differential -- REACHED-SILENT (2026-10-04, probe run). Plain purecap rc=0, no fault. The cassert build's own MEMORY_CONTEXT_CHEC
2	02_no-fix-recorded_ts_headline_overflow	spatial	not-run	
2	02_no-fix-recorded_ts_headline_overflow	sublet	not-run	
2	02_no-fix-recorded_ts_headline_overflow	cheribsd-revocation	detected	SIGPROT on the plain purecap build -- CHERI-DETECTED (2026-10-04). SIGPROT(34) on BOTH the plain and the cassert purecap build. ~32 KB overflow leaves the malloc block, so the capability bound is cros
3	03_no-fix-recorded_ltree_lquery_parse_overflow	spatial	not-run	
3	03_no-fix-recorded_ltree_lquery_parse_overflow	sublet	not-run	
3	03_no-fix-recorded_ltree_lquery_parse_overflow	cheribsd-revocation	detected	SIGPROT on the plain purecap build -- CHERI-DETECTED (2026-10-04). SIGPROT(34) on both purecap builds. ~65 KB, leaves the malloc block.
4	04_no-fix-recorded_money_int64min_div	spatial	not-run	
4	04_no-fix-recorded_money_int64min_div	sublet	not-run	
4	04_no-fix-recorded_money_int64min_div	cheribsd-revocation	silent	completes; the defect is witnessed by PostgreSQL's own check or by the differential -- REACHED-SILENT (2026-10-04). Returns -$92,233,720,368,547,758.08 -- the original negative, unchanged. INT64_MIN/-
5	05_c4d51b62748f_levenshtein_wraparound	spatial	not-run	
5	05_c4d51b62748f_levenshtein_wraparound	sublet	not-run	
5	05_c4d51b62748f_levenshtein_wraparound	cheribsd-revocation	silent	completes; the defect is witnessed by PostgreSQL's own check or by the differential -- REACHED-SILENT (2026-10-04). Directive fired: levenshtein returned a negative value.
6	06_no-fix-recorded_queryint_left_overflow	spatial	not-run	
6	06_no-fix-recorded_queryint_left_overflow	sublet	not-run	
6	06_no-fix-recorded_queryint_left_overflow	cheribsd-revocation	silent	completes; the defect is witnessed by PostgreSQL's own check or by the differential -- REACHED-SILENT (2026-10-04). Directive fired: accepted an input a correct build rejects (0 of 1 expected errors).
7	07_no-fix-recorded_ltree_compare_int32	spatial	not-run	
7	07_no-fix-recorded_ltree_compare_int32	sublet	not-run	
7	07_no-fix-recorded_ltree_compare_int32	cheribsd-revocation	silent	completes; the defect is witnessed by PostgreSQL's own check or by the differential -- REACHED-SILENT (2026-10-04). Directive fired: lt_ok='t'. A 15000-level ltree that begins with the whole of the 1-
8	08_no-fix-recorded_isjson_uncoercible_null	spatial	not-run	
8	08_no-fix-recorded_isjson_uncoercible_null	sublet	not-run	
8	08_no-fix-recorded_isjson_uncoercible_null	cheribsd-revocation	detected	SIGPROT on the plain purecap build -- CHERI-DETECTED (2026-10-04). SIGPROT(34) on both purecap builds (NULL dereference).
9	09_no-fix-recorded_pg_prewarm_nostorage	spatial	not-run	
9	09_no-fix-recorded_pg_prewarm_nostorage	sublet	not-run	
9	09_no-fix-recorded_pg_prewarm_nostorage	cheribsd-revocation	silent	completes; the defect is witnessed by PostgreSQL's own check or by the differential -- REACHED-SILENT (2026-10-04). Plain purecap rc=0; the cassert build aborts on PG's own Assert('RelFileNumberIsVali
10	10_no-fix-recorded_trigger_slot_natts	spatial	not-run	
10	10_no-fix-recorded_trigger_slot_natts	sublet	not-run	
10	10_no-fix-recorded_trigger_slot_natts	cheribsd-revocation	silent	completes; the defect is witnessed by PostgreSQL's own check or by the differential -- REACHED-SILENT (2026-10-04). Plain purecap rc=0; cassert aborts on Assert('dstslot->tts_tupleDescriptor->natts ==
11	11_no-fix-recorded_crosstable_constraint_lock	spatial	not-run	
11	11_no-fix-recorded_crosstable_constraint_lock	sublet	not-run	
11	11_no-fix-recorded_crosstable_constraint_lock	cheribsd-revocation	silent	completes; the defect is witnessed by PostgreSQL's own check or by the differential -- REACHED-SILENT (2026-10-04). Plain purecap rc=0; cassert aborts on Assert('lockmode != NoLock || IsBootstrapProce
12	12_no-fix-recorded_postgres_fdw_async	spatial	not-run	
12	12_no-fix-recorded_postgres_fdw_async	sublet	not-run	
12	12_no-fix-recorded_postgres_fdw_async	cheribsd-revocation	not-run	
13	13_no-fix-recorded_gist_indexonly_misalign	spatial	not-run	
13	13_no-fix-recorded_gist_indexonly_misalign	sublet	not-run	
13	13_no-fix-recorded_gist_indexonly_misalign	cheribsd-revocation	silent	completes; the defect is witnessed by PostgreSQL's own check or by the differential -- REACHED-SILENT (2026-10-04). EXPLAIN confirms Index Only Scan using gist_ios_idx, and the select then errors with
14	14_no-fix-recorded_logicaldecoding_empty_prepared	spatial	not-run	
14	14_no-fix-recorded_logicaldecoding_empty_prepared	sublet	not-run	
14	14_no-fix-recorded_logicaldecoding_empty_prepared	cheribsd-revocation	not-run	
15	15_3d160401b65e_oidvector_oob_read	spatial	not-run	
15	15_3d160401b65e_oidvector_oob_read	sublet	not-run	
15	15_3d160401b65e_oidvector_oob_read	cheribsd-revocation	silent	completes; the differential fires -- upstream rejects 2 statements and 17.5 rejected 0, so an input a correct build refuses was accepted. Note the arms differ in how much they show: the host oracle pr
16	16_849da8210539_ascii_multibyte_oob_read	spatial	not-run	
16	16_849da8210539_ascii_multibyte_oob_read	sublet	not-run	
16	16_849da8210539_ascii_multibyte_oob_read	cheribsd-revocation	matches-upstream	the input is refused here exactly as a correct build refuses it -- MATCHES-UPSTREAM (2026-10-04). Directive evaluated and satisfied: this arm rejected 4 of 4 statements, exactly as a correct build doe
17	17_eb9e5529745c_internal_type_confusion	spatial	not-run	
17	17_eb9e5529745c_internal_type_confusion	sublet	not-run	
17	17_eb9e5529745c_internal_type_confusion	cheribsd-revocation	matches-upstream	the input is refused here exactly as a correct build refuses it -- MATCHES-UPSTREAM (2026-10-04). Rejected 3 of 3, as a correct build does.
18	18_60887d34818a_portal_type_confusion	spatial	not-run	
18	18_60887d34818a_portal_type_confusion	sublet	not-run	
18	18_60887d34818a_portal_type_confusion	cheribsd-revocation	not-reached	not reached under this harness -- NOT REACHED (2026-10-04), harness limitation, same cause as the host: DECLARE CURSOR can only be used in a transaction block, and postgres --single has no implicit on
19	19_fd6d3e7e9d55_range_subtype_usage	spatial	not-run	
19	19_fd6d3e7e9d55_range_subtype_usage	sublet	not-run	
19	19_fd6d3e7e9d55_range_subtype_usage	cheribsd-revocation	not-reached	not reached under this harness -- the run lacked the GRANT the trigger needs, so the statement never got as far as the defect. A harness gap, not a result about the mechanism; re-running with the gran
