object	rc	first error
acl.o	0	
aclchk.o	0	
aggregatecmds.o	0	
alignedalloc.o	0	
allpaths.o	0	
alter.o	0	
amapi.o	0	
amcmds.o	0	
amutils.o	0	
amvalidate.o	0	
analyze.o	0	
analyzejoins.o	0	
appendinfo.o	0	
applyparallelworker.o	0	
archive.o	0	
archive_shlib.o	0	
archive_srv.o	0	
array_expanded.o	0	
array_selfuncs.o	0	
array_typanalyze.o	0	
array_userfuncs.o	0	
arrayfuncs.o	0	
arraysubs.o	1	../../../../src/include/executor/execExpr.h:723:18: error: static assertion failed due to requirement 'sizeof(struct ExprEvalStep) <= 64': size of ExprEvalStep exceeds 64 bytes
arrayutils.o	0	
ascii.o	0	
aset.o	1	aset.c:362:19: error: static assertion failed due to requirement 'sizeof(struct AllocFreeListLink) <= (1 << 3)': sizeof(AllocFreeListLink) larger than minimum allocation size
assert.o	0	
async.o	0	
atomics.o	0	
attmap.o	0	
attoptcache.o	0	
auth-sasl.o	0	
auth-scram.o	0	
auth.o	0	
autovacuum.o	0	
auxprocess.o	0	
backend_progress.o	0	
backend_startup.o	0	
backend_status.o	0	
backup_manifest.o	0	
barrier.o	0	
base64.o	0	
base64_shlib.o	0	
base64_srv.o	0	
basebackup.o	0	
basebackup_copy.o	0	
basebackup_gzip.o	0	
basebackup_incremental.o	0	
basebackup_lz4.o	0	
basebackup_progress.o	0	
basebackup_server.o	0	
basebackup_sink.o	0	
basebackup_target.o	0	
basebackup_throttle.o	0	
basebackup_zstd.o	0	
be-fsstubs.o	0	
be-secure-common.o	0	
be-secure.o	0	
bernoulli.o	0	
bgworker.o	0	
bgwriter.o	0	
binaryheap.o	0	
binaryheap_shlib.o	0	
binaryheap_srv.o	0	
bipartite_match.o	0	
bitmapset.o	0	
blkreftable.o	0	
blkreftable_shlib.o	0	
blkreftable_srv.o	0	
bloomfilter.o	0	
bool.o	0	
bootparse.o	0	
bootscanner.o	0	
bootstrap.o	0	
brin.o	0	
brin_bloom.o	0	
brin_inclusion.o	0	
brin_minmax.o	0	
brin_minmax_multi.o	0	
brin_pageops.o	0	
brin_revmap.o	0	
brin_tuple.o	0	
brin_validate.o	0	
brin_xlog.o	0	
brindesc.o	0	
bsearch_arg.o	0	
bsearch_arg_shlib.o	0	
bsearch_arg_srv.o	0	
buf_init.o	0	
buf_table.o	0	
buffile.o	0	
bufmask.o	0	
bufmgr.o	0	
bufpage.o	0	
bulk_write.o	0	
bump.o	0	
cash.o	0	
catalog.o	0	
catcache.o	0	
char.o	0	
checkpointer.o	0	
checksum.o	0	
checksum_helper.o	0	
checksum_helper_shlib.o	0	
checksum_helper_srv.o	0	
chklocale.o	0	
chklocale_shlib.o	0	
chklocale_srv.o	0	
clauses.o	0	
clausesel.o	0	
clog.o	0	
clogdesc.o	0	
cluster.o	0	
cmdtag.o	0	
collationcmds.o	0	
combocid.o	0	
comment.o	0	
commit_ts.o	0	
committsdesc.o	0	
compression.o	0	
compression_shlib.o	0	
compression_srv.o	0	
condition_variable.o	0	
conffiles.o	0	
config_info.o	0	
config_info_shlib.o	0	
config_info_srv.o	0	
constraint.o	0	
controldata_utils.o	0	
controldata_utils_shlib.o	0	
controldata_utils_srv.o	0	
conv.o	0	
conversioncmds.o	0	
copy.o	0	
copydir.o	0	
copyfrom.o	0	
copyfromparse.o	0	
copyfuncs.o	0	
copyto.o	0	
costsize.o	0	
createas.o	0	
createplan.o	0	
crypt.o	0	
cryptohash.o	0	
cryptohash_shlib.o	0	
cryptohash_srv.o	0	
cryptohashfuncs.o	0	
csvlog.o	0	
d2s.o	0	
d2s_shlib.o	0	
d2s_srv.o	0	
date.o	0	
datetime.o	0	
datum.o	0	
dbasedesc.o	0	
dbcommands.o	0	
dbsize.o	0	
deadlock.o	0	
decode.o	0	
define.o	0	
dependencies.o	0	
dependency.o	0	
dest.o	0	
detoast.o	0	
dfmgr.o	0	
dict.o	0	
dict_ispell.o	0	
dict_simple.o	0	
dict_synonym.o	0	
dict_thesaurus.o	0	
discard.o	0	
domains.o	0	
dropcmds.o	0	
dsa.o	0	
dshash.o	0	
dsm.o	0	
dsm_impl.o	0	
dsm_registry.o	0	
dynahash.o	0	
elog.o	0	
encnames.o	0	
encnames_shlib.o	0	
encnames_srv.o	0	
encode.o	0	
enum.o	0	
equalfuncs.o	0	
equivclass.o	0	
event_trigger.o	0	
evtcache.o	0	
exec.o	0	
execAmi.o	0	
execAsync.o	0	
execCurrent.o	0	
execExpr.o	1	../../../src/include/executor/execExpr.h:723:18: error: static assertion failed due to requirement 'sizeof(struct ExprEvalStep) <= 64': size of ExprEvalStep exceeds 64 bytes
execExprInterp.o	1	../../../src/include/executor/execExpr.h:723:18: error: static assertion failed due to requirement 'sizeof(struct ExprEvalStep) <= 64': size of ExprEvalStep exceeds 64 bytes
execGrouping.o	0	
execIndexing.o	0	
execJunk.o	0	
execMain.o	0	
execParallel.o	0	
execPartition.o	0	
execProcnode.o	0	
execReplication.o	0	
execSRF.o	0	
execScan.o	0	
execTuples.o	0	
execUtils.o	0	
exec_shlib.o	0	
exec_srv.o	0	
expandeddatum.o	0	
expandedrecord.o	0	
explain.o	0	
extended_stats.o	0	
extensible.o	0	
extension.o	0	
f2s.o	0	
f2s_shlib.o	0	
f2s_srv.o	0	
fastpath.o	0	
fd.o	0	
fe_memutils.o	0	
fe_memutils_shlib.o	0	
file_perm.o	0	
file_perm_shlib.o	0	
file_perm_srv.o	0	
file_utils.o	0	
file_utils_shlib.o	0	
file_utils_srv.o	0	
fileset.o	0	
float.o	0	
fmgr.o	0	
fmgrtab.o	0	
foreign.o	0	
foreigncmds.o	0	
fork_process.o	0	
format_type.o	0	
formatting.o	0	
freelist.o	0	
freepage.o	0	
freespace.o	0	
fsmpage.o	0	
funcapi.o	0	
functioncmds.o	0	
functions.o	0	
genam.o	0	
generation.o	0	
generic_xlog.o	0	
genericdesc.o	0	
genfile.o	0	
geo_ops.o	0	
geo_selfuncs.o	0	
geo_spgist.o	0	
geqo_copy.o	0	
geqo_cx.o	0	
geqo_erx.o	0	
geqo_eval.o	0	
geqo_main.o	0	
geqo_misc.o	0	
geqo_mutation.o	0	
geqo_ox1.o	0	
geqo_ox2.o	0	
geqo_pmx.o	0	
geqo_pool.o	0	
geqo_px.o	0	
geqo_random.o	0	
geqo_recombination.o	0	
geqo_selection.o	0	
getpeereid.o	0	
getpeereid_shlib.o	0	
getpeereid_srv.o	0	
ginarrayproc.o	0	
ginbtree.o	0	
ginbulk.o	0	
gindatapage.o	0	
gindesc.o	0	
ginentrypage.o	0	
ginfast.o	0	
ginget.o	0	
gininsert.o	0	
ginlogic.o	0	
ginpostinglist.o	0	
ginscan.o	0	
ginutil.o	0	
ginvacuum.o	0	
ginvalidate.o	0	
ginxlog.o	0	
gist.o	0	
gistbuild.o	0	
gistbuildbuffers.o	0	
gistdesc.o	0	
gistget.o	0	
gistproc.o	0	
gistscan.o	0	
gistsplit.o	0	
gistutil.o	0	
gistvacuum.o	0	
gistvalidate.o	0	
gistxlog.o	0	
globals.o	0	
gram.o	1	clang: error: clang frontend command failed with exit code 139 (use -v to see invocation)
guc-file.o	0	
guc.o	0	
guc_funcs.o	0	
guc_tables.o	0	
hash.o	0	
hash_xlog.o	0	
hashdesc.o	0	
hashfn.o	0	
hashfn_shlib.o	0	
hashfn_srv.o	0	
hashfunc.o	0	
hashinsert.o	0	
hashovfl.o	0	
hashpage.o	0	
hashsearch.o	0	
hashsort.o	0	
hashutil.o	0	
hashvalidate.o	0	
hba.o	0	
hbafuncs.o	0	
heap.o	0	
heapam.o	0	
heapam_handler.o	0	
heapam_visibility.o	0	
heapdesc.o	0	
heaptoast.o	0	
heaptuple.o	0	
help_config.o	0	
hio.o	0	
hmac.o	0	
hmac_shlib.o	0	
hmac_srv.o	0	
hyperloglog.o	0	
ifaddr.o	0	
ilist.o	0	
index.o	0	
indexam.o	0	
indexcmds.o	0	
indexfsm.o	0	
indexing.o	0	
indextuple.o	0	
indxpath.o	0	
inet_cidr_ntop.o	0	
inet_net_ntop.o	0	
inet_net_ntop_shlib.o	0	
inet_net_ntop_srv.o	0	
inet_net_pton.o	0	
inherit.o	0	
initsplan.o	0	
injection_point.o	0	
instrument.o	0	
int.o	0	
int8.o	0	
integerset.o	0	
interrupt.o	0	
inv_api.o	0	
inval.o	0	
ip.o	0	
ip_shlib.o	0	
ip_srv.o	0	
ipc.o	0	
ipci.o	0	
itemptr.o	0	
jit.o	0	
joininfo.o	0	
joinpath.o	0	
joinrels.o	0	
json.o	0	
jsonapi.o	0	
jsonapi_shlib.o	0	
jsonapi_srv.o	0	
jsonb.o	0	
jsonb_gin.o	0	
jsonb_op.o	0	
jsonb_util.o	0	
jsonbsubs.o	1	../../../../src/include/executor/execExpr.h:723:18: error: static assertion failed due to requirement 'sizeof(struct ExprEvalStep) <= 64': size of ExprEvalStep exceeds 64 bytes
jsonfuncs.o	0	
jsonlog.o	0	
jsonpath.o	0	
jsonpath_exec.o	1	../../../../src/include/executor/execExpr.h:723:18: error: static assertion failed due to requirement 'sizeof(struct ExprEvalStep) <= 64': size of ExprEvalStep exceeds 64 bytes
jsonpath_gram.o	1	clang: error: clang frontend command failed with exit code 139 (use -v to see invocation)
jsonpath_scan.o	0	
keywords.o	0	
keywords_shlib.o	0	
keywords_srv.o	0	
knapsack.o	0	
kwlookup.o	0	
kwlookup_shlib.o	0	
kwlookup_srv.o	0	
latch.o	0	
launch_backend.o	0	
launcher.o	0	
like.o	0	
like_support.o	0	
link-canary.o	0	
link-canary_shlib.o	0	
link-canary_srv.o	0	
list.o	0	
lmgr.o	0	
localbuf.o	0	
localtime.o	0	
lock.o	0	
lockcmds.o	0	
lockfuncs.o	0	
logging.o	0	
logical.o	0	
logicalfuncs.o	0	
logicalmsgdesc.o	0	
logtape.o	0	
lsyscache.o	0	
lwlock.o	0	
mac.o	0	
mac8.o	0	
main.o	0	
makefuncs.o	0	
matview.o	0	
mbutils.o	0	
mcv.o	0	
mcxt.o	0	
mcxtfuncs.o	0	
md.o	0	
md5.o	0	
md5_common.o	0	
md5_common_shlib.o	0	
md5_common_srv.o	0	
md5_shlib.o	0	
md5_srv.o	0	
memdebug.o	0	
message.o	0	
misc.o	0	
miscinit.o	0	
multibitmapset.o	0	
multirangetypes.o	0	
multirangetypes_selfuncs.o	0	
multixact.o	0	
mvdistinct.o	0	
mxactdesc.o	0	
name.o	0	
namespace.o	0	
nbtcompare.o	0	
nbtdedup.o	0	
nbtdesc.o	0	
nbtinsert.o	0	
nbtpage.o	0	
nbtree.o	0	
nbtsearch.o	0	
nbtsort.o	0	
nbtsplitloc.o	0	
nbtutils.o	0	
nbtvalidate.o	0	
nbtxlog.o	0	
network.o	0	
network_gist.o	0	
network_selfuncs.o	0	
network_spgist.o	0	
noblock.o	0	
noblock_shlib.o	0	
noblock_srv.o	0	
nodeAgg.o	1	../../../src/include/executor/execExpr.h:723:18: error: static assertion failed due to requirement 'sizeof(struct ExprEvalStep) <= 64': size of ExprEvalStep exceeds 64 bytes
nodeAppend.o	0	
nodeBitmapAnd.o	0	
nodeBitmapHeapscan.o	0	
nodeBitmapIndexscan.o	0	
nodeBitmapOr.o	0	
nodeCtescan.o	0	
nodeCustom.o	0	
nodeForeignscan.o	0	
nodeFuncs.o	0	
nodeFunctionscan.o	0	
nodeGather.o	0	
nodeGatherMerge.o	0	
nodeGroup.o	0	
nodeHash.o	0	
nodeHashjoin.o	0	
nodeIncrementalSort.o	0	
nodeIndexonlyscan.o	0	
nodeIndexscan.o	0	
nodeLimit.o	0	
nodeLockRows.o	0	
nodeMaterial.o	0	
nodeMemoize.o	0	
nodeMergeAppend.o	0	
nodeMergejoin.o	0	
nodeModifyTable.o	0	
nodeNamedtuplestorescan.o	0	
nodeNestloop.o	0	
nodeProjectSet.o	0	
nodeRecursiveunion.o	0	
nodeResult.o	0	
nodeSamplescan.o	0	
nodeSeqscan.o	0	
nodeSetOp.o	0	
nodeSort.o	0	
nodeSubplan.o	0	
nodeSubqueryscan.o	0	
nodeTableFuncscan.o	0	
nodeTidrangescan.o	0	
nodeTidscan.o	0	
nodeUnique.o	0	
nodeValuesscan.o	0	
nodeWindowAgg.o	0	
nodeWorktablescan.o	0	
numeric.o	0	
numutils.o	0	
objectaccess.o	0	
objectaddress.o	0	
oid.o	0	
opclasscmds.o	0	
operatorcmds.o	0	
oracle_compat.o	0	
orclauses.o	0	
orderedsetaggs.o	0	
origin.o	0	
outfuncs.o	0	
pairingheap.o	0	
parallel.o	0	
paramassign.o	0	
params.o	0	
parse_agg.o	0	
parse_clause.o	0	
parse_coerce.o	0	
parse_collate.o	0	
parse_cte.o	0	
parse_enr.o	0	
parse_expr.o	0	
parse_func.o	0	
parse_jsontable.o	0	
parse_manifest.o	0	
parse_manifest_shlib.o	0	
parse_manifest_srv.o	0	
parse_merge.o	0	
parse_node.o	0	
parse_oper.o	0	
parse_param.o	0	
parse_relation.o	0	
parse_target.o	0	
parse_type.o	0	
parse_utilcmd.o	0	
parser.o	0	
partbounds.o	0	
partcache.o	0	
partdesc.o	0	
partition.o	0	
partitionfuncs.o	0	
partprune.o	0	
path.o	0	
path_shlib.o	0	
path_srv.o	0	
pathkeys.o	0	
pathnode.o	0	
percentrepl.o	0	
percentrepl_shlib.o	0	
percentrepl_srv.o	0	
pg_aggregate.o	0	
pg_attrdef.o	0	
pg_bitutils.o	0	
pg_bitutils_shlib.o	0	
pg_bitutils_srv.o	0	
pg_cast.o	0	
pg_class.o	0	
pg_collation.o	0	
pg_config.o	0	
pg_constraint.o	0	
pg_controldata.o	0	
pg_conversion.o	0	
pg_crc.o	0	
pg_crc32c_sb8.o	0	
pg_crc32c_sb8_shlib.o	0	
pg_crc32c_sb8_srv.o	0	
pg_db_role_setting.o	0	
pg_depend.o	0	
pg_enum.o	0	
pg_get_line.o	0	
pg_get_line_shlib.o	0	
pg_get_line_srv.o	0	
pg_inherits.o	0	
pg_largeobject.o	0	
pg_locale.o	0	
pg_lsn.o	0	
pg_lzcompress.o	0	
pg_lzcompress_shlib.o	0	
pg_lzcompress_srv.o	0	
pg_namespace.o	0	
pg_operator.o	0	
pg_parameter_acl.o	0	
pg_prng.o	0	
pg_prng_shlib.o	0	
pg_prng_srv.o	0	
pg_proc.o	0	
pg_publication.o	0	
pg_range.o	0	
pg_rusage.o	0	
pg_sema.o	0	
pg_shdepend.o	0	
pg_shmem.o	0	
pg_strong_random.o	0	
pg_strong_random_shlib.o	0	
pg_strong_random_srv.o	0	
pg_subscription.o	0	
pg_type.o	0	
pg_upgrade_support.o	0	
pgarch.o	0	
pgcheckdir.o	0	
pgcheckdir_shlib.o	0	
pgcheckdir_srv.o	0	
pgfnames.o	0	
pgfnames_shlib.o	0	
pgfnames_srv.o	0	
pgmkdirp.o	0	
pgmkdirp_shlib.o	0	
pgmkdirp_srv.o	0	
pgsleep.o	0	
pgsleep_shlib.o	0	
pgsleep_srv.o	0	
pgstat.o	0	
pgstat_archiver.o	0	
pgstat_bgwriter.o	0	
pgstat_checkpointer.o	0	
pgstat_database.o	0	
pgstat_function.o	0	
pgstat_io.o	0	
pgstat_relation.o	0	
pgstat_replslot.o	0	
pgstat_shmem.o	0	
pgstat_slru.o	0	
pgstat_subscription.o	0	
pgstat_wal.o	0	
pgstat_xact.o	0	
pgstatfuncs.o	0	
pgstrcasecmp.o	0	
pgstrcasecmp_shlib.o	0	
pgstrcasecmp_srv.o	0	
pgstrsignal.o	0	
pgstrsignal_shlib.o	0	
pgstrsignal_srv.o	0	
pgtz.o	0	
placeholder.o	0	
planagg.o	0	
plancache.o	0	
plancat.o	0	
planmain.o	0	
planner.o	0	
pmsignal.o	0	
policy.o	0	
portalcmds.o	0	
portalmem.o	0	
postgres.o	0	
postinit.o	0	
postmaster.o	0	
pqcomm.o	0	
pqformat.o	0	
pqmq.o	0	
pqsignal.o	0	
pqsignal_shlib.o	0	
pqsignal_srv.o	0	
pquery.o	0	
predicate.o	0	
predtest.o	0	
prepagg.o	0	
prepare.o	0	
prepjointree.o	0	
prepqual.o	0	
preptlist.o	0	
prepunion.o	0	
print.o	0	
printsimple.o	0	
printtup.o	0	
proc.o	0	
procarray.o	0	
proclang.o	0	
procsignal.o	0	
proto.o	0	
pruneheap.o	0	
ps_status.o	0	
pseudorandomfuncs.o	0	
pseudotypes.o	0	
psprintf.o	0	
psprintf_shlib.o	0	
psprintf_srv.o	0	
publicationcmds.o	0	
qsort.o	0	
qsort_arg.o	0	
qsort_arg_shlib.o	0	
qsort_arg_srv.o	0	
qsort_interruptible.o	0	
qsort_shlib.o	0	
qsort_srv.o	0	
queryenvironment.o	0	
queryjumblefuncs.o	0	
quote.o	0	
quotes.o	0	
quotes_shlib.o	0	
quotes_srv.o	0	
rangetypes.o	0	
rangetypes_gist.o	0	
rangetypes_selfuncs.o	0	
rangetypes_spgist.o	0	
rangetypes_typanalyze.o	0	
rbtree.o	0	
read.o	0	
read_stream.o	0	
readfuncs.o	0	
regcomp.o	0	
regerror.o	0	
regexec.o	0	
regexp.o	0	
regexport.o	0	
regfree.o	0	
regis.o	0	
regprefix.o	0	
regproc.o	0	
reinit.o	0	
relation.o	0	
relcache.o	0	
relfilenumbermap.o	0	
relmapdesc.o	0	
relmapper.o	0	
relnode.o	0	
reloptions.o	0	
relpath.o	0	
relpath_shlib.o	0	
relpath_srv.o	0	
reorderbuffer.o	0	
repl_gram.o	0	
repl_scanner.o	0	
replorigindesc.o	0	
resowner.o	0	
restricted_token.o	0	
restricted_token_shlib.o	0	
restrictinfo.o	0	
rewriteDefine.o	0	
rewriteHandler.o	0	
rewriteManip.o	0	
rewriteRemove.o	0	
rewriteSearchCycle.o	0	
rewriteSupport.o	0	
rewriteheap.o	0	
ri_triggers.o	0	
rls.o	0	
rmgr.o	0	
rmgrdesc_utils.o	0	
rmtree.o	0	
rmtree_shlib.o	0	
rmtree_srv.o	0	
rowsecurity.o	0	
rowtypes.o	0	
ruleutils.o	0	
s_lock.o	0	
sampling.o	0	
saslprep.o	0	
saslprep_shlib.o	0	
saslprep_srv.o	0	
scan.o	0	
scankey.o	0	
scansup.o	0	
schemacmds.o	0	
scram-common.o	0	
scram-common_shlib.o	0	
scram-common_srv.o	0	
seclabel.o	0	
selfuncs.o	0	
seqdesc.o	0	
sequence.o	0	
session.o	0	
setrefs.o	0	
sha1.o	0	
sha1_shlib.o	0	
sha1_srv.o	0	
sha2.o	0	
sha2_shlib.o	0	
sha2_srv.o	0	
sharedfileset.o	0	
sharedtuplestore.o	0	
shell_archive.o	0	
shm_mq.o	0	
shm_toc.o	0	
shmem.o	0	
signalfuncs.o	0	
sinval.o	0	
sinvaladt.o	0	
slab.o	0	
slot.o	0	
slotfuncs.o	0	
slotsync.o	0	
slru.o	0	
smgr.o	0	
smgrdesc.o	0	
snapbuild.o	0	
snapmgr.o	0	
snprintf.o	0	
snprintf_shlib.o	0	
snprintf_srv.o	0	
sortsupport.o	0	
spccache.o	0	
spell.o	0	
spgdesc.o	0	
spgdoinsert.o	0	
spginsert.o	0	
spgkdtreeproc.o	0	
spgproc.o	0	
spgquadtreeproc.o	0	
spgscan.o	0	
spgtextproc.o	0	
spgutils.o	0	
spgvacuum.o	0	
spgvalidate.o	0	
spgxlog.o	0	
spi.o	0	
spin.o	0	
sprompt.o	0	
sprompt_shlib.o	0	
standby.o	0	
standbydesc.o	0	
startup.o	0	
statscmds.o	0	
storage.o	0	
strerror.o	0	
strerror_shlib.o	0	
strerror_srv.o	0	
strftime.o	0	
string.o	0	
string_shlib.o	0	
string_srv.o	0	
stringinfo.o	0	
stringinfo_mb.o	0	
stringinfo_shlib.o	0	
stringinfo_srv.o	0	
subscriptioncmds.o	0	
subselect.o	0	
subtrans.o	0	
superuser.o	0	
sync.o	0	
syncrep.o	0	
syncrep_gram.o	0	
syncrep_scanner.o	0	
syncscan.o	0	
syscache.o	0	
syslogger.o	0	
system.o	0	
table.o	0	
tableam.o	0	
tableamapi.o	0	
tablecmds.o	0	
tablesample.o	0	
tablespace.o	0	
tablesync.o	0	
tar.o	0	
tar_shlib.o	0	
tar_srv.o	0	
tblspcdesc.o	0	
tid.o	0	
tidbitmap.o	0	
tidpath.o	0	
tidstore.o	0	
timeline.o	0	
timeout.o	0	
timestamp.o	0	
tlist.o	0	
to_tsany.o	0	
toast_compression.o	0	
toast_helper.o	0	
toast_internals.o	0	
toasting.o	0	
tqueue.o	0	
transam.o	0	
trigfuncs.o	0	
trigger.o	0	
ts_cache.o	0	
ts_locale.o	0	
ts_parse.o	0	
ts_selfuncs.o	0	
ts_typanalyze.o	0	
ts_utils.o	0	
tsearchcmds.o	0	
tsginidx.o	0	
tsgistidx.o	0	
tsquery.o	0	
tsquery_cleanup.o	0	
tsquery_gist.o	0	
tsquery_op.o	0	
tsquery_rewrite.o	0	
tsquery_util.o	0	
tsrank.o	0	
tstoreReceiver.o	0	
tsvector.o	0	
tsvector_op.o	0	
tsvector_parser.o	0	
tupconvert.o	0	
tupdesc.o	0	
tuplesort.o	0	
tuplesortvariants.o	0	
tuplestore.o	0	
twophase.o	0	
twophase_rmgr.o	0	
typcache.o	0	
typecmds.o	0	
tzparser.o	0	
unicode_case.o	0	
unicode_case_shlib.o	0	
unicode_case_srv.o	0	
unicode_category.o	0	
unicode_category_shlib.o	0	
unicode_category_srv.o	0	
unicode_norm.o	0	
unicode_norm_shlib.o	0	
unicode_norm_srv.o	0	
user.o	0	
user_shlib.o	0	
user_srv.o	0	
usercontext.o	0	
username.o	0	
username_shlib.o	0	
username_srv.o	0	
utility.o	0	
uuid.o	0	
vacuum.o	0	
vacuumlazy.o	0	
vacuumparallel.o	0	
value.o	0	
var.o	0	
varbit.o	0	
varchar.o	0	
variable.o	0	
varlena.o	0	
varsup.o	0	
version.o	0	
view.o	0	
visibilitymap.o	0	
wait_error.o	0	
wait_error_shlib.o	0	
wait_error_srv.o	0	
wait_event.o	0	
wait_event_funcs.o	0	
waitfuncs.o	0	
walreceiver.o	0	
walreceiverfuncs.o	0	
walsender.o	0	
walsummarizer.o	0	
walsummary.o	0	
walsummaryfuncs.o	0	
walwriter.o	0	
wchar.o	0	
wchar_shlib.o	0	
wchar_srv.o	0	
windowfuncs.o	0	
worker.o	0	
wparser.o	0	
wparser_def.o	0	
wstrcmp.o	0	
wstrncmp.o	0	
xact.o	0	
xactdesc.o	0	
xid.o	0	
xid8funcs.o	0	
xlog.o	0	
xlogarchive.o	0	
xlogbackup.o	0	
xlogdesc.o	0	
xlogfuncs.o	0	
xloginsert.o	0	
xlogprefetcher.o	0	
xlogreader.o	0	
xlogrecovery.o	0	
xlogstats.o	0	
xlogutils.o	0	
xml.o	0	
