id,source,ref,url,title,state,first_seen,class,cwe,component,scope,trigger,is_spatial,spatial_evidence,predicted_trap,reach,repro_status,stock_behaviour,domain_behaviour,notes
MPY-S01,github,#19314,https://github.com/micropython/micropython/issues/19314,Integer overflow in sequence repeat (`str`/`bytes`/`list`/`tuple` `*`) causes heap buffer overflow (memory corruption / crash),CLOSED,2026-06-05,heap-overflow,"CWE-787,CWE-190","py/objstr.c,py/objlist.c,py/objtuple.c,py/sequence.c",gc-heap,"seq * n sized in unchecked size_t; 8 * 2**61 wraps to 0, so the allocation is empty and the write is not",yes,body: 'the allocation is tiny/zero while the write is enormous -> heap buffer overflow',no-or-at-region-boundary,measured,measured,crash-sigsegv,fault-cause7,"OPEN at the pin, so no parent build was needed. Reproduces on stock 2e3304a for str, bytes, list and tuple."
MPY-S02,github,#13041,https://github.com/micropython/micropython/issues/13041,heap-buffer-overflow: from 0 length int_to_bytes,CLOSED,2023-11-21,heap-overflow,CWE-787,py/objint.c:int_to_bytes,gc-heap,"int.to_bytes(0, 'big'): the guard is `len < 0`, so length 0 passes and the write is unbounded",yes,"body: 'the len is 0, thus it pass through if (len < 0)' plus a segfault against CPython's OverflowError",no-or-at-region-boundary,not-reproducible-in-config,none,not-run,not-run,"CVE-2024-8948, fix 908ab1ceca15. Fix reversal fails twice over: py/binary.c's mp_binary_set_int now clamps val_sz to dest_sz, so a zero-length destination writes nothing even with the overflow check off, AND the fix is a multi-file commit touching mpz.c, mpz.h, misc.h and objint.c rather than one hunk. The 2023 defect needs the 2023 tree."
MPY-S03,github,#13007,https://github.com/micropython/micropython/issues/13007,heap-buffer-overflow: mis-interpretation of float as int at slice_indices,CLOSED,2023-11-17,heap-overread,CWE-125,py/objslice.c:slice_indices,gc-heap,"slice.indices(0.0): a float object is read as an integer, so the read runs 8 bytes past a 16-byte object",yes,"body gives the object extent [0x7fffef005760,0x7fffef005770) and the access at +0x8 past it",no-or-at-region-boundary,not-reproducible-in-config,none,not-run,not-run,"CVE-2023-7158, fix f397a3ec318f. Fix reversal is pointless here: under MICROPY_LONGINT_IMPL_NONE mp_obj_int_get_checked is MP_OBJ_SMALL_INT_VALUE, a shift of the tagged word with no memory read, so the out-of-bounds read cannot occur at all."
MPY-S04,github,#13220,https://github.com/micropython/micropython/issues/13220,heap buffer overflow found at micropython/lib/re1.5/compilecode.c:68 [micropython@a5bdd39127],CLOSED,2023-12-18,heap-overread,CWE-125,lib/re1.5/compilecode.c:68,gc-heap,an unterminated character class: the `for (cnt = 0; *re != ']'; ...)` loop walks off the pattern,yes,body quotes the loop and marks the two unchecked advances,no-or-at-region-boundary,parent-build,none,not-run,not-run,"modre is compiled into this domain, so no new module is needed."
MPY-S05,github,#15271,https://github.com/micropython/micropython/pull/15271,py/objarray.c: Fix buffer overflow in case of memory allocation failure.,MERGED,2024-06-13,heap-overflow,CWE-787,py/objarray.c,gc-heap,array.append after a grow that raised MemoryError: the free-slot count was incremented before the allocation,yes,PR body: 'the next attempt to grow the buffer will cause a buffer overflow',no-or-at-region-boundary,measured,measured,not-run,untrapped-no-crash,"Measured by REVERTING the fix on the pinned tree, which its one-hunk shape allows."
MPY-S06,github,#13005,https://github.com/micropython/micropython/issues/13005,heap-buffer-overflow: inconsistency between bytearray and  uctype.struct ,CLOSED,2023-11-17,heap-overflow,CWE-787,py/moductypes.c,gc-heap,uctypes.struct laid over a bytearray shorter than the descriptor,yes,body walks the 1-byte bytearray into a descriptor that reads more,no-or-at-region-boundary,blocked-uctypes,none,not-run,not-run,"uctypes is architecturally unusable in this domain, measured: 15 of its 16 tests fault."
MPY-S07,github,#13428,https://github.com/micropython/micropython/issues/13428,heap-buffer-overflow [micropython@a5bdd39127] ,CLOSED,2024-01-15,heap-overflow,CWE-787,py/binary.c:155,gc-heap,a block device whose writeblocks reads buf[len(buf)],yes,reporter's ASan trace pins py/binary.c:155,no-or-at-region-boundary,blocked-vfs,none,not-run,not-run,Needs VfsLfs2.
MPY-S08,github,#13046,https://github.com/micropython/micropython/issues/13046,heap-buffer-overflow: from integer overflow at mp_stream_rw,CLOSED,2023-11-22,heap-overflow,"CWE-787,CWE-190",py/stream.c:121,gc-heap,"mp_stream_rw checks an unsigned size with > 0, so the integer overflow reaches the copy",yes,body names the check and the resulting overflow,no-or-at-region-boundary,blocked-vfs,none,not-run,not-run,Needs a VFS and a block device.
MPY-S09,github,#13006,https://github.com/micropython/micropython/issues/13006,heap-buffer-overflow: incorrect length choice on memcpy at vfs unmount,CLOSED,2023-11-17,heap-overflow,CWE-787,extmod/vfs.c:276,gc-heap,umount compares mount strings using the length of the unmount string,yes,body distinguishes the global-buffer-overflow and heap-buffer-overflow cases,no-or-at-region-boundary,blocked-vfs,none,not-run,not-run,"CVE-2024-8946, fix 29943546343c. Reported as producing BOTH a global and a heap overflow depending on mount order. The VFS build now exists, so this needs only the defect put back."
MPY-S10,github,#13004,https://github.com/micropython/micropython/issues/13004,heap-buffer-overflow(.mpy): no length check on qstr_table,CLOSED,2023-11-17,heap-overread,CWE-125,py/objfun.c:135,gc-heap,.mpy with an out-of-range qstr reference; qstr_table is indexed without a length check,yes,body: 'there is no length check on accessing qstr_table',no-or-at-region-boundary,blocked-mpy,none,not-run,not-run,MICROPY_PERSISTENT_CODE_LOAD is 0 here.
MPY-S11,github,#13003,https://github.com/micropython/micropython/issues/13003,heap-buffer-overflow(.mpy): from relocating  native rodata with invalid information,CLOSED,2023-11-17,heap-overread,CWE-125,py/persistentcode.c:134,gc-heap,native rodata relocation dereferences 8 bytes at an unvalidated offset,yes,body: 'it tries to dereference(load) addr_to_adjust by 8 bytes',no-or-at-region-boundary,blocked-mpy,none,not-run,not-run,
MPY-S12,github,#13002,https://github.com/micropython/micropython/issues/13002,heap-buffer-over-flow(.mpy): from importing malformed npy module,CLOSED,2023-11-17,heap-overread,CWE-125,py/persistentcode.c,gc-heap,malformed .mpy: 15 bytes read from a 3-byte code object,yes,"body: 'the valid code length is just 3 bytes, but it tries to read 15 bytes'",no-or-at-region-boundary,blocked-mpy,none,not-run,not-run,
MPY-S13,github,#18637,https://github.com/micropython/micropython/issues/18637,Dynamic Stack Buffer Overflow (WRITE) in mp_execute_bytecode,CLOSED,2026-01-05,stack-overflow,CWE-787,py/vm.c:373,stack,malformed bytecode sizes the VLA value stack; the write lands past it,yes,"ASan dynamic-stack-buffer-overflow WRITE, shadow bytes ca/cb quoted in the body",yes,blocked-mpy,none,not-run,not-run,"CONTRAST ROW. The domain stack carries its own capability, so this is predicted TRAPPED."
MPY-S14,github,#17852,https://github.com/micropython/micropython/issues/17852,pin vs stream confusion leads to undefined behavior and Asan diagnostic,OPEN,2025-08-06,static-overread,CWE-125,py/stream.c:102,static-global,an object with no stream protocol passed where one is assumed; the read walks a static table,yes,"ASan global-buffer-overflow READ of size 8, py/stream.c:102, quoted in the body",yes,blocked-modules,none,not-run,not-run,CONTRAST ROW. Needs ssl and machine. Predicted TRAPPED: gp-captable carves each global.
MPY-S15,github,#12532,https://github.com/micropython/micropython/issues/12532,Global buffer overflow in mp_get_stream_raise,OPEN,2023-09-27,static-overread,CWE-125,py/stream.c,static-global,"same defect as MPY-S14, reported separately and still open",yes,title and body both name mp_get_stream_raise and a global buffer overflow,yes,blocked-modules,none,not-run,not-run,CONTRAST ROW. Kept because it is the independently reported instance of MPY-S14.
MPY-S16,github,#12587,https://github.com/micropython/micropython/issues/12587,Global buffer overflow during umount,CLOSED,2023-10-04,static-overflow,CWE-787,extmod/vfs.c,static-global,os.umount('WjeePMR1E'): a non-path string parsed as a path,yes,"body: 'buffer out-of-bound crash', ASan global-buffer-overflow",yes,blocked-vfs,none,not-run,not-run,CONTRAST ROW.
MPY-S17,github,#7246,https://github.com/micropython/micropython/issues/7246,Out-of-bounds read in ff.c:create_name(),CLOSED,2021-05-10,static-overread,CWE-125,lib/oofatfs/ff.c:2824,static-global,create_name reads one byte past a static table,yes,ASan: 'global-buffer-overflow ... READ of size 1 ... ff.c:2824 in create_name',yes,blocked-vfs,none,not-run,not-run,"CONTRAST ROW, and note the scope: ASan says GLOBAL, not heap."
MPY-S18,github,#12528,https://github.com/micropython/micropython/issues/12528,"Negative ""size"" parameter for memset() via mpz_as_bytes",CLOSED,2023-09-27,heap-overflow,CWE-787,py/mpz.c:mpz_as_bytes,gc-heap,a negative size reaches memset,yes,body: 'manifested as heap-buffer-overflow in an older commit',no-or-at-region-boundary,blocked-mpz,none,not-run,not-run,"MICROPY_LONGINT_IMPL is NONE here, so there is no mpz."
MPY-S19,github,#7860,https://github.com/micropython/micropython/issues/7860,framebuf.FrameBuffer: not secured against silly/wrong/malicious strides,OPEN,2021-09-26,heap-overflow,CWE-787,extmod/modframebuf.c,gc-heap,a stride larger than the buffer justifies,yes,title and body: the constructor does not validate stride against the buffer length,no-or-at-region-boundary,not-reproducible-at-pin,none,not-run,not-run,"framebuf IS in this domain, but the pin already raises on every stride form tried."
MPY-S20,github,#19431,https://github.com/micropython/micropython/issues/19431,extmod/modframebuf.c: pixel index arithmetic overflows on 16-bit int targets (out-of-bounds writes),OPEN,2026-07-04,heap-overflow,"CWE-787,CWE-190",extmod/modframebuf.c,gc-heap,x + y * stride computed in 16-bit int,yes,"body: fourteen index expressions, out-of-bounds from y >= 128 on a 256-wide buffer",no-or-at-region-boundary,not-applicable,none,not-run,not-run,"16-bit-int targets only. capstone64 has 32-bit int, so the overflow cannot occur."
MPY-S21,github,#599,https://github.com/micropython/micropython/issues/599,emit_write_bytecode_byte_int writes out of emit_t's bounds,CLOSED,2014-05-10,heap-overflow,CWE-787,py/emit*.c:emit_write_bytecode_byte_int,gc-heap,a 10-byte buffer written past its end on 64-bit,yes,body: 'has a buf of 10 bytes (9 of which are used in this case) but emit[s more]',no-or-at-region-boundary,too-old,none,not-run,not-run,2014. A parent build of that tree is not worth the toolchain archaeology.
MPY-S31,github,#19129,https://github.com/micropython/micropython/issues/19129,fun_bc_call: unbounded alloca when heap allocation of VM state fails,OPEN,2026-04-20,stack-overflow,CWE-787,py/objfun.c:fun_bc_call,stack,"when m_new_obj_var_maybe fails for the VM state, fun_bc_call does not raise -- it falls back to alloca of the same size on the C stack",yes,"body: 'if m_new_obj_var_maybe fails, it does not raise an exception, but it tries to allocate dozen kilobytes' by alloca; reporter names MICROPY_ENABLE_PYSTACK=0, which is this port's setting",yes,masked-by-port-guard,measured,not-run,untrapped-no-crash,"OPEN upstream, so present at the pin and needing no parent build. MEASURED, two arms in one boot: the alloca fallback DOES run with the heap exhausted and is untrapped, and recursion to accumulate allocas stops at depth 8 with a RuntimeError from MicroPython's own mp_cstack_check (MICROPY_STACK_CHECK, 4096-byte margin against MPY_CSTACK_MAX=393216). So a SOFTWARE guard at 393 KB stops the descent while the stack capability's bound sits near 800 KB, and this row cannot demonstrate a hardware stack trap however it is arranged. Recorded as a conclusion, not an open attempt."
MPY-S22,github,#3090,https://github.com/micropython/micropython/pull/3090,py/sequence: Fix bounds checking for negative-step list slices.,CLOSED,2017-05-15,bounds-arithmetic,CWE-125,py/sequence.c,gc-heap,negative-step slice indices computed with an inclusive stop,uncertain,the PR fixes the index arithmetic; neither it nor the thread states that an out-of-bounds ACCESS occurred,no-or-at-region-boundary,excluded,none,not-run,not-run,Correctness fix that MAY be spatial. Not counted.
MPY-S23,github,#12702,https://github.com/micropython/micropython/issues/12702,Various crashes while executing uctypes.sizeof(),CLOSED,2023-10-16,mixed,"CWE-125,CWE-476",py/moductypes.c,gc-heap,uctypes.sizeof() on various descriptors,uncertain,body: 'exhibited in global-buffer-overflow sometimes or [null dereference]' -- two different defects in one report,no-or-at-region-boundary,excluded,none,not-run,not-run,"Two outcomes, one report. Not counted."
MPY-S24,github,#12660,https://github.com/micropython/micropython/issues/12660,Various crashes in mpz_hash,CLOSED,2023-10-11,unknown,,py/mpz.c:mpz_hash,gc-heap,uctypes.struct reaching mpz_hash,uncertain,body reports a crash; it does not establish an out-of-bounds access,no-or-at-region-boundary,excluded,none,not-run,not-run,Not counted.
MPY-S25,github,#12871,https://github.com/micropython/micropython/issues/12871,Crashes in mp_pairheap_delete,OPEN,2023-11-03,mixed,"CWE-125,CWE-476",py/pairheap.c,static-global,asyncio.Event() paths into mp_pairheap_delete,uncertain,body: 'exhibited in either global-buffer-overflow or null-dereference',yes,excluded,none,not-run,not-run,"Two outcomes, one report, and asyncio is absent here. Not counted."
MPY-S26,github,#12776,https://github.com/micropython/micropython/issues/12776,Crashes while pushing to a TaskQueue instance,OPEN,2023-10-23,mixed,"CWE-125,CWE-476",extmod/modasyncio.c,static-global,pushing a module object to asyncio.TaskQueue(),uncertain,body: 'null-dereference when the passed object was a value and global-buffer-overflow when it was a module',yes,excluded,none,not-run,not-run,Not counted.
MPY-S27,github,#18752,https://github.com/micropython/micropython/pull/18752,py/objstr: Fix str.center() to count unicode characters not bytes,CLOSED,2026-01-30,not-spatial,,py/objstr.c:str.center,n/a,str.center() counts bytes rather than characters,no,"PR body describes INCORRECT PADDING, not an out-of-bounds access",,excluded,none,not-run,not-run,Matched the search on the word overflow only. Not a spatial defect.
MPY-S28,github,#6365,https://github.com/micropython/micropython/issues/6365,extend framebuf.blit method with parameters to select a rectangle from the source,OPEN,2020-08-23,not-a-defect,,extmod/modframebuf.c,n/a,a feature request for blit source rectangles,no,labelled enhancement; no defect is reported,,excluded,none,not-run,not-run,Search artefact.
MPY-S29,github,#533,https://github.com/micropython/micropython/issues/533,Add stray pointer checking to GC,CLOSED,2014-04-30,not-a-defect,,py/gc.c,n/a,a proposal to add stray-pointer checking to the collector,no,labelled enhancement; no defect is reported,,excluded,none,not-run,not-run,Search artefact.
MPY-S30,github,#9045,https://github.com/micropython/micropython/pull/9045,extmod/modframebuf: Add ellipse & poly methods.,CLOSED,2022-08-12,not-a-defect,,extmod/modframebuf.c,n/a,a PR adding ellipse and poly methods,no,a feature PR; no defect is reported,,excluded,none,not-run,not-run,Search artefact.
