case	fix	name	shape	mode	oracle_arm	expected	passed	cause	pc	expected_pc	site	delivered	completed	runner_exit
11	3a5f82dfb5	11-http-header-map	packet-scope object kept by file-scope state across packets	spatial	spatial	complete	True						True	0
11	3a5f82dfb5	11-http-header-map	packet-scope object kept by file-scope state across packets	sublet	sublet	fault	True	24	0x101901534	0x101901534	read	False		1
13	0261fd7da6	13-http-range-cursor-past-chunk	cursor advanced past its chunk by a fixed skip, read inside the same block	spatial	spatial	fault	True	5	0x101901510	0x101901510	read	False	False	1
13	0261fd7da6	13-http-range-cursor-past-chunk	cursor advanced past its chunk by a fixed skip, read inside the same block	sublet	sublet	fault	True	5	0x101901510	0x101901510	read	False		1
18	716a200295	18-rtps-batch-sample-info-unguarded	a gate disabled by its own default: `rtps_max_batch_samples_dissected > 0 && count >= rtps_max_batch_samples_dissected` cannot fire when the preference is 0, which is the shipped default, so nothing bounds the counter while the arrays stay sample_info_max long	spatial	spatial	fault	True	7	0x101901508	0x101901508	write	False	False	1
18	716a200295	18-rtps-batch-sample-info-unguarded	a gate disabled by its own default: `rtps_max_batch_samples_dissected > 0 && count >= rtps_max_batch_samples_dissected` cannot fire when the preference is 0, which is the shipped default, so nothing bounds the counter while the arrays stay sample_info_max long	sublet	sublet	fault	True	7	0x101901508	0x101901508	write	False		1
19	4a4871a831	19-ntlmssp-blob-length-before-check	the metadata overstates the allocation: `result->length = blob_length` runs unconditionally, then `if (blob_length < MAX_BLOB_SIZE)` guards the allocation, so for an oversized blob the struct claims a length its buffer does not have and a later memcpy at offset 32 reads past it	spatial	spatial	fault	True	5	0x10190148c	0x10190148c	read	False	False	1
19	4a4871a831	19-ntlmssp-blob-length-before-check	the metadata overstates the allocation: `result->length = blob_length` runs unconditionally, then `if (blob_length < MAX_BLOB_SIZE)` guards the allocation, so for an oversized blob the struct claims a length its buffer does not have and a later memcpy at offset 32 reads past it	sublet	sublet	fault	True	5	0x10190148c	0x10190148c	read	False		1
20	ed20250c13	20-proto-undecoded-bitmap-unbounded	`for (i = fi->start; i < fi->start + fi->length; i++) { decoded[i/8] |= 1 << (i%8); }` consults the FIELD extent only, so a field whose start plus length reaches past the frame drives the byte index past the bitmap	spatial	spatial	fault	True	7	0x1019014e4	0x1019014e4	write	False	False	1
20	ed20250c13	20-proto-undecoded-bitmap-unbounded	`for (i = fi->start; i < fi->start + fi->length; i++) { decoded[i/8] |= 1 << (i%8); }` consults the FIELD extent only, so a field whose start plus length reaches past the frame drives the byte index past the bitmap	sublet	sublet	fault	True	7	0x1019014e4	0x1019014e4	write	False		1
21	69dac89280	21-tcp-flags-str-sixteen-bytes	the buffer size is a local constant of 16 while the output is nine letters plus eight separators plus a terminator, 18 bytes, written unconditionally	spatial	spatial	fault	True	7	0x1019014e4	0x1019014e4	write	False	False	1
21	69dac89280	21-tcp-flags-str-sixteen-bytes	the buffer size is a local constant of 16 while the output is nine letters plus eight separators plus a terminator, 18 bytes, written unconditionally	sublet	sublet	fault	True	7	0x1019014e4	0x1019014e4	write	False		1
