p1	plain	1	C10000	1	0x10000	0x10000	fc5e120bc2134bef	0	ngx retval = 1321271296
p2	plain	2	C20000	1	0x90000	0x90000	af9df7048efbc207	0	ngx retval = 1321336832
p3	plain	3	C300A0	1	0x110000	0x110000	9d55128c0eb91875	0	ngx retval = 1321402528
p4	plain	4	C40001	1	0x190000	0x190000	6f9ffe9eee9924ed	0	ngx retval = 1321467905
p5	plain	5	C5005B	1	0x210000	0x210000	5b9ae11930ceb166	0	ngx retval = 1321533531
p6	plain	6	C600FB	1	0x290000	0x290000	4155e787cf4af493	0	ngx retval = 1321599227
s9	sublet	9	FAULT	1	0x310000	0x310000	05cd076b6392196f	1	qemu-system-riscv64: ../target/riscv/op_helper.c:923: helper_csrevoke: Assertion `rs1_v->t
p7	plain	7	C7FF00	2	0x10000	0x10000	c18075469db438e2	0	ngx retval = 1321729792
s4	sublet	4	C40001	2	0x90000	0x90000	199d3d0e669178c8	0	ngx retval = 1321467905
s6	sublet	6	C600FB	2	0x110000	0x110000	03e015237c488f50	0	ngx retval = 1321599227
s7	sublet	7	C70277	2	0x190000	0x190000	65ba5490a7271ec3	0	ngx retval = 1321665143
s8	sublet	8	C80071	2	0x210000	0x210000	62bb132a448e88b0	0	ngx retval = 1321730161
s1	sublet	1	C10000	2	0x290000	0x290000	83f70385307f1bfe	0	ngx retval = 1321271296
s3	sublet	3	FAULT	2	0x310000	0x310000	103998ef04d6c342	0	FAULTED as required
s2	sublet	2	C20000	3	0x10000	0x10000	d049522634d2b111	0	ngx retval = 1321336832
s5	sublet	5	FAULT	5	0x310000	0x310000	d453bbc16109b690	0	FAULTED as required
subpool	sublet	-	0E3E00	3	0x90000	0x90000	f91bb7a72096e043	0	ngx retval = 1309556224
pgsub	sublet	-	GOOD	3	0x110000	0x110000	91d23730153d6a18	0	__CAPSTONE_PG_SUBPOOL_GOOD__
s10	sublet	10	CA0780	4	0x390000	0x390000	ccd06246ba515b4a	0	ngx retval = 1321863040
pghier	sublet	-	GOOD	4	0x190000	0x190000	7284f2f8db444e87	0	__CAPSTONE_PG_HIER_GOOD__
s11	sublet	11	CB0100	5	0x390000	0x390000	5d3a8cc4cbd4913a	0	FAULTED as required
