case	arm	configuration	verdict	reason	evidence	bundle
00_d133b4a231_showcwt_kernel_scan_past_array	virtual-malloc	virtual-mallocng	CAUGHT		cause=28 pc=0x3f8f390b34 in ffh_read_probe; by probe: the fault is at the labelled probe ffh_read_probe	results/2026-10-10-virtual/virtual-malloc
01_bcbf3a5630_vf_scale_format_list_compaction	virtual-malloc	virtual-mallocng	CAUGHT		cause=28 pc=0x3fa8310e08 in ffh_read_probe_u8; by probe: the fault is at the labelled probe ffh_read_probe_u8	results/2026-10-10-virtual/virtual-malloc
02_56309e476a_vf_vif_mirror_below_base	virtual-malloc	virtual-mallocng	CAUGHT		cause=28 pc=0x3faa410f64 in ffh_read_probe; by probe: the fault is at the labelled probe ffh_read_probe	results/2026-10-10-virtual/virtual-malloc
03_495b402f27_diracdec_edge_emu_buffer_undersized	virtual-malloc	virtual-mallocng	CAUGHT		cause=28 pc=0x3f86290d4c in ffh_write_probe_u8; by probe: the fault is at the labelled probe ffh_write_probe_u8	results/2026-10-10-virtual/virtual-malloc
04_b3c7ebc1ed_swaprect_temp_sized_for_plane0	virtual-malloc	virtual-mallocng	CAUGHT		cause=28 pc=0x3f8a390d80 in ffh_write_probe_u8; by probe: the fault is at the labelled probe ffh_write_probe_u8	results/2026-10-10-virtual/virtual-malloc
05_8553e6ef57_cbs_av1_t35_payload_unpadded	virtual-malloc	virtual-mallocng	CAUGHT		cause=28 pc=0x3f8a210bd4 in ffh_read_probe_u8; by probe: the fault is at the labelled probe ffh_read_probe_u8	results/2026-10-10-virtual/virtual-malloc
06_041d4f010e_prores_raw_header_len_unchecked	virtual-malloc	virtual-mallocng	CAUGHT		cause=28 pc=0x3fb6290ca8 in ffh_read_probe_u8; by probe: the fault is at the labelled probe ffh_read_probe_u8	results/2026-10-10-virtual/virtual-malloc
07_8880a174d0_librist_read_ignores_caller_size	virtual-malloc	virtual-mallocng	CAUGHT		cause=28 pc=0x3faa690d94 in ffh_write_probe_u8; by probe: the fault is at the labelled probe ffh_write_probe_u8	results/2026-10-10-virtual/virtual-malloc
08_b2df2f4f22_mpegenc_system_header_fixed_128	virtual-malloc	virtual-mallocng	CAUGHT		cause=28 pc=0x3fa8990c58 in ffh_write_probe_u8; by probe: the fault is at the labelled probe ffh_write_probe_u8	results/2026-10-10-virtual/virtual-malloc
09_16b2049d4d_cfhd_transform2_wider_than_plane	virtual-malloc	virtual-mallocng	CAUGHT		cause=28 pc=0x3fa0e90be8 in ffh_write_probe_u8; by probe: the fault is at the labelled probe ffh_write_probe_u8	results/2026-10-10-virtual/virtual-malloc
10_989444060d5f_lut3d_size2_computed_before_directive	virtual-malloc	virtual-mallocng	CAUGHT		cause=28 pc=0x3f9b210b6c in ffh_write_probe_u8; by probe: the fault is at the labelled probe ffh_write_probe_u8	results/2026-10-10-virtual/virtual-malloc
11_76645e096fab_exif_string_clone_drops_terminator	virtual-malloc	virtual-mallocng	CAUGHT		cause=28 pc=0x3f82b90dd0 in ffh_read_probe_u8; by probe: the fault is at the labelled probe ffh_read_probe_u8	results/2026-10-10-virtual/virtual-malloc
12_ad956ff076ea_drawtext_bbox_buffer_ignores_separators	virtual-malloc	virtual-mallocng	CAUGHT		cause=28 pc=0x3f90290c80 in ffh_write_probe_u8; by probe: the fault is at the labelled probe ffh_write_probe_u8	results/2026-10-10-virtual/virtual-malloc
13_8af6c71d96f4_vif_single_reflection_indexes_below_base	virtual-malloc	virtual-mallocng	CAUGHT		cause=28 pc=0x3fb1a90d1c in ffh_read_probe; by probe: the fault is at the labelled probe ffh_read_probe	results/2026-10-10-virtual/virtual-malloc
14_789d7b1b1dff_ffv1dec_fltmap_index_unmasked	virtual-malloc	virtual-mallocng	CAUGHT		cause=28 pc=0x3fae110b88 in ffh_read_probe_u8; by probe: the fault is at the labelled probe ffh_read_probe_u8	results/2026-10-10-virtual/virtual-malloc
15_e9e6fb879835_tdsc_raw_tile_read_by_geometry_not_size	virtual-malloc	virtual-mallocng	CAUGHT		cause=28 pc=0x3f7f910a4c in ffh_read_probe_u8; by probe: the fault is at the labelled probe ffh_read_probe_u8	results/2026-10-10-virtual/virtual-malloc
16_ca1c1f29ce47_img2enc_split_planes_read_by_geometry	virtual-malloc	virtual-mallocng	CAUGHT		cause=28 pc=0x3fbf110cf4 in ffh_read_probe_u8; by probe: the fault is at the labelled probe ffh_read_probe_u8	results/2026-10-10-virtual/virtual-malloc
17_18761f9fb55c_rtpdec_av1_output_cursor_advanced_for_skipped_obu	virtual-malloc	virtual-mallocng	CAUGHT		cause=28 pc=0x3fafd10b04 in ffh_write_probe_u8; by probe: the fault is at the labelled probe ffh_write_probe_u8	results/2026-10-10-virtual/virtual-malloc
18_e8031e5b9ad2_showcwt_du_scroll_reads_row_past_plane	virtual-malloc	virtual-mallocng	CAUGHT		cause=28 pc=0x3f86910ddc in ffh_read_probe_u8; by probe: the fault is at the labelled probe ffh_read_probe_u8	results/2026-10-10-virtual/virtual-malloc
19_905a4324030e_showcwt_position_initialised_to_sono_size	virtual-malloc	virtual-mallocng	CAUGHT		cause=28 pc=0x3f8f010adc in ffh_write_probe_u8; by probe: the fault is at the labelled probe ffh_write_probe_u8	results/2026-10-10-virtual/virtual-malloc
20_bbdce45fda1e_diracdec_mctmp_rows_below_worst_case	virtual-malloc	virtual-mallocng	CAUGHT		cause=28 pc=0x3f93410c78 in ffh_write_probe_u8; by probe: the fault is at the labelled probe ffh_write_probe_u8	results/2026-10-10-virtual/virtual-malloc
21_3fbb9560821b_afir_crossfade_reads_beyond_input_frame	virtual-malloc	virtual-mallocng	CAUGHT		cause=28 pc=0x3f99710c30 in ffh_read_probe; by probe: the fault is at the labelled probe ffh_read_probe	results/2026-10-10-virtual/virtual-malloc
22_242ff799c75f_tdsc_cursor_advanced_by_a_stride_the_loop_already_added	virtual-malloc	virtual-mallocng	CAUGHT		cause=28 pc=0x3fbd010c2c in ffh_write_probe_u8; by probe: the fault is at the labelled probe ffh_write_probe_u8	results/2026-10-10-virtual/virtual-malloc
23_f45da79b2c33_exr_dwa_block_written_full_eight_by_eight	virtual-malloc	virtual-mallocng	CAUGHT		cause=28 pc=0x3f8d410d10 in ffh_write_probe_u8; by probe: the fault is at the labelled probe ffh_write_probe_u8	results/2026-10-10-virtual/virtual-malloc
24_162f75b5e679_exr_pxr24_uint_branch_strides_by_the_data_window	virtual-malloc	virtual-mallocng	CAUGHT		cause=28 pc=0x3f9c090c64 in ffh_read_probe_u8; by probe: the fault is at the labelled probe ffh_read_probe_u8	results/2026-10-10-virtual/virtual-malloc
