workload,arm,lower_gap,upper_gap,count,issues,reuses,conditional_mass,reused_percent,repetitions
sqlite-main,capstone-spatial,1,1,352662,1650411,1644612,0.21443477245696857,99.64863297687667,3
sqlite-main,capstone-spatial,2,3,496329,1650411,1644612,0.30179093913944444,99.64863297687667,3
sqlite-main,capstone-spatial,4,7,246522,1650411,1644612,0.14989675376319764,99.64863297687667,3
sqlite-main,capstone-spatial,8,15,111207,1650411,1644612,0.06761898855170703,99.64863297687667,3
sqlite-main,capstone-spatial,16,31,65655,1650411,1644612,0.039921270184092056,99.64863297687667,3
sqlite-main,capstone-spatial,32,63,65352,1650411,1644612,0.03973703219969209,99.64863297687667,3
sqlite-main,capstone-spatial,64,127,39306,1650411,1644612,0.02389986209513247,99.64863297687667,3
sqlite-main,capstone-spatial,128,255,40830,1650411,1644612,0.024826524432510527,99.64863297687667,3
sqlite-main,capstone-spatial,256,511,61248,1650411,1644612,0.037241610787225196,99.64863297687667,3
sqlite-main,capstone-spatial,512,1023,25851,1650411,1644612,0.015718601104698252,99.64863297687667,3
sqlite-main,capstone-spatial,1024,2047,17193,1650411,1644612,0.010454137510853624,99.64863297687667,3
sqlite-main,capstone-spatial,2048,4095,11820,1650411,1644612,0.007187105530058154,99.64863297687667,3
sqlite-main,capstone-spatial,4096,8191,18372,1650411,1644612,0.011171023925400033,99.64863297687667,3
sqlite-main,capstone-spatial,8192,16383,12144,1650411,1644612,0.007384112483673961,99.64863297687667,3
sqlite-main,capstone-spatial,16384,32767,80121,1650411,1644612,0.04871726583534597,99.64863297687667,3
sqlite-main,capstone-spatial,32768,65535,0,1650411,1644612,0.0,99.64863297687667,3
sqlite-main,capstone-spatial,65536,131071,0,1650411,1644612,0.0,99.64863297687667,3
sqlite-main,capstone-spatial,131072,262143,0,1650411,1644612,0.0,99.64863297687667,3
sqlite-main,capstone-spatial,262144,524287,0,1650411,1644612,0.0,99.64863297687667,3
sqlite-main,capstone-spatial,524288,1048575,0,1650411,1644612,0.0,99.64863297687667,3
sqlite-main,capstone-spatial,1048576,2097151,0,1650411,1644612,0.0,99.64863297687667,3
sqlite-main,capstone-spatial,2097152,4194303,0,1650411,1644612,0.0,99.64863297687667,3
sqlite-main,capstone-spatial,4194304,8388607,0,1650411,1644612,0.0,99.64863297687667,3
sqlite-main,capstone-spatial,8388608,16777215,0,1650411,1644612,0.0,99.64863297687667,3
sqlite-main,capstone-spatial,16777216,33554431,0,1650411,1644612,0.0,99.64863297687667,3
sqlite-main,capstone-spatial,33554432,67108863,0,1650411,1644612,0.0,99.64863297687667,3
sqlite-main,capstone-spatial,67108864,134217727,0,1650411,1644612,0.0,99.64863297687667,3
sqlite-main,capstone-spatial,134217728,268435455,0,1650411,1644612,0.0,99.64863297687667,3
sqlite-main,capstone-spatial,268435456,536870911,0,1650411,1644612,0.0,99.64863297687667,3
sqlite-main,capstone-spatial,536870912,1073741823,0,1650411,1644612,0.0,99.64863297687667,3
sqlite-main,capstone-spatial,1073741824,2147483647,0,1650411,1644612,0.0,99.64863297687667,3
sqlite-main,capstone-spatial,2147483648,4294967295,0,1650411,1644612,0.0,99.64863297687667,3
sqlite-main,capstone-sublet,1,1,352662,1650411,1644612,0.21443477245696857,99.64863297687667,3
sqlite-main,capstone-sublet,2,3,496329,1650411,1644612,0.30179093913944444,99.64863297687667,3
sqlite-main,capstone-sublet,4,7,246522,1650411,1644612,0.14989675376319764,99.64863297687667,3
sqlite-main,capstone-sublet,8,15,111207,1650411,1644612,0.06761898855170703,99.64863297687667,3
sqlite-main,capstone-sublet,16,31,65655,1650411,1644612,0.039921270184092056,99.64863297687667,3
sqlite-main,capstone-sublet,32,63,65352,1650411,1644612,0.03973703219969209,99.64863297687667,3
sqlite-main,capstone-sublet,64,127,39306,1650411,1644612,0.02389986209513247,99.64863297687667,3
sqlite-main,capstone-sublet,128,255,40830,1650411,1644612,0.024826524432510527,99.64863297687667,3
sqlite-main,capstone-sublet,256,511,61248,1650411,1644612,0.037241610787225196,99.64863297687667,3
sqlite-main,capstone-sublet,512,1023,25851,1650411,1644612,0.015718601104698252,99.64863297687667,3
sqlite-main,capstone-sublet,1024,2047,17193,1650411,1644612,0.010454137510853624,99.64863297687667,3
sqlite-main,capstone-sublet,2048,4095,11820,1650411,1644612,0.007187105530058154,99.64863297687667,3
sqlite-main,capstone-sublet,4096,8191,18372,1650411,1644612,0.011171023925400033,99.64863297687667,3
sqlite-main,capstone-sublet,8192,16383,12144,1650411,1644612,0.007384112483673961,99.64863297687667,3
sqlite-main,capstone-sublet,16384,32767,80121,1650411,1644612,0.04871726583534597,99.64863297687667,3
sqlite-main,capstone-sublet,32768,65535,0,1650411,1644612,0.0,99.64863297687667,3
sqlite-main,capstone-sublet,65536,131071,0,1650411,1644612,0.0,99.64863297687667,3
sqlite-main,capstone-sublet,131072,262143,0,1650411,1644612,0.0,99.64863297687667,3
sqlite-main,capstone-sublet,262144,524287,0,1650411,1644612,0.0,99.64863297687667,3
sqlite-main,capstone-sublet,524288,1048575,0,1650411,1644612,0.0,99.64863297687667,3
sqlite-main,capstone-sublet,1048576,2097151,0,1650411,1644612,0.0,99.64863297687667,3
sqlite-main,capstone-sublet,2097152,4194303,0,1650411,1644612,0.0,99.64863297687667,3
sqlite-main,capstone-sublet,4194304,8388607,0,1650411,1644612,0.0,99.64863297687667,3
sqlite-main,capstone-sublet,8388608,16777215,0,1650411,1644612,0.0,99.64863297687667,3
sqlite-main,capstone-sublet,16777216,33554431,0,1650411,1644612,0.0,99.64863297687667,3
sqlite-main,capstone-sublet,33554432,67108863,0,1650411,1644612,0.0,99.64863297687667,3
sqlite-main,capstone-sublet,67108864,134217727,0,1650411,1644612,0.0,99.64863297687667,3
sqlite-main,capstone-sublet,134217728,268435455,0,1650411,1644612,0.0,99.64863297687667,3
sqlite-main,capstone-sublet,268435456,536870911,0,1650411,1644612,0.0,99.64863297687667,3
sqlite-main,capstone-sublet,536870912,1073741823,0,1650411,1644612,0.0,99.64863297687667,3
sqlite-main,capstone-sublet,1073741824,2147483647,0,1650411,1644612,0.0,99.64863297687667,3
sqlite-main,capstone-sublet,2147483648,4294967295,0,1650411,1644612,0.0,99.64863297687667,3
mruby-ao8,capstone-spatial,1,1,546,651210,632748,0.0008629027669783231,97.16496982540194,3
mruby-ao8,capstone-spatial,2,3,1092,651210,632748,0.0017258055339566462,97.16496982540194,3
mruby-ao8,capstone-spatial,4,7,2184,651210,632748,0.0034516110679132924,97.16496982540194,3
mruby-ao8,capstone-spatial,8,15,4368,651210,632748,0.006903222135826585,97.16496982540194,3
mruby-ao8,capstone-spatial,16,31,8736,651210,632748,0.01380644427165317,97.16496982540194,3
mruby-ao8,capstone-spatial,32,63,17472,651210,632748,0.02761288854330634,97.16496982540194,3
mruby-ao8,capstone-spatial,64,127,34938,651210,632748,0.05521629463862391,97.16496982540194,3
mruby-ao8,capstone-spatial,128,255,69252,651210,632748,0.10944641468641544,97.16496982540194,3
mruby-ao8,capstone-spatial,256,511,137193,651210,632748,0.21682091448728405,97.16496982540194,3
mruby-ao8,capstone-spatial,512,1023,217857,651210,632748,0.3443029452483453,97.16496982540194,3
mruby-ao8,capstone-spatial,1024,2047,124344,651210,632748,0.19651425211932713,97.16496982540194,3
mruby-ao8,capstone-spatial,2048,4095,600,651210,632748,0.0009482447988772781,97.16496982540194,3
mruby-ao8,capstone-spatial,4096,8191,1200,651210,632748,0.0018964895977545563,97.16496982540194,3
mruby-ao8,capstone-spatial,8192,16383,1200,651210,632748,0.0018964895977545563,97.16496982540194,3
mruby-ao8,capstone-spatial,16384,32767,3600,651210,632748,0.005689468793263669,97.16496982540194,3
mruby-ao8,capstone-spatial,32768,65535,4800,651210,632748,0.007585958391018225,97.16496982540194,3
mruby-ao8,capstone-spatial,65536,131071,3366,651210,632748,0.005319653321701531,97.16496982540194,3
mruby-ao8,capstone-spatial,131072,262143,0,651210,632748,0.0,97.16496982540194,3
mruby-ao8,capstone-spatial,262144,524287,0,651210,632748,0.0,97.16496982540194,3
mruby-ao8,capstone-spatial,524288,1048575,0,651210,632748,0.0,97.16496982540194,3
mruby-ao8,capstone-spatial,1048576,2097151,0,651210,632748,0.0,97.16496982540194,3
mruby-ao8,capstone-spatial,2097152,4194303,0,651210,632748,0.0,97.16496982540194,3
mruby-ao8,capstone-spatial,4194304,8388607,0,651210,632748,0.0,97.16496982540194,3
mruby-ao8,capstone-spatial,8388608,16777215,0,651210,632748,0.0,97.16496982540194,3
mruby-ao8,capstone-spatial,16777216,33554431,0,651210,632748,0.0,97.16496982540194,3
mruby-ao8,capstone-spatial,33554432,67108863,0,651210,632748,0.0,97.16496982540194,3
mruby-ao8,capstone-spatial,67108864,134217727,0,651210,632748,0.0,97.16496982540194,3
mruby-ao8,capstone-spatial,134217728,268435455,0,651210,632748,0.0,97.16496982540194,3
mruby-ao8,capstone-spatial,268435456,536870911,0,651210,632748,0.0,97.16496982540194,3
mruby-ao8,capstone-spatial,536870912,1073741823,0,651210,632748,0.0,97.16496982540194,3
mruby-ao8,capstone-spatial,1073741824,2147483647,0,651210,632748,0.0,97.16496982540194,3
mruby-ao8,capstone-spatial,2147483648,4294967295,0,651210,632748,0.0,97.16496982540194,3
mruby-ao8,capstone-sublet,1,1,546,651210,633084,0.0008624447940557651,97.21656608467315,3
mruby-ao8,capstone-sublet,2,3,1092,651210,633084,0.0017248895881115302,97.21656608467315,3
mruby-ao8,capstone-sublet,4,7,2184,651210,633084,0.0034497791762230605,97.21656608467315,3
mruby-ao8,capstone-sublet,8,15,4350,651210,633084,0.006871126106488238,97.21656608467315,3
mruby-ao8,capstone-sublet,16,31,8688,651210,633084,0.01372329738233789,97.21656608467315,3
mruby-ao8,capstone-sublet,32,63,17376,651210,633084,0.02744659476467578,97.21656608467315,3
mruby-ao8,capstone-sublet,64,127,34587,651210,633084,0.054632560608070965,97.21656608467315,3
mruby-ao8,capstone-sublet,128,255,68868,651210,633084,0.10878177303485793,97.21656608467315,3
mruby-ao8,capstone-sublet,256,511,136425,651210,633084,0.2154927308224501,97.21656608467315,3
mruby-ao8,capstone-sublet,512,1023,216786,651210,633084,0.3424284929014159,97.21656608467315,3
mruby-ao8,capstone-sublet,1024,2047,124359,651210,633084,0.19643364861534962,97.21656608467315,3
mruby-ao8,capstone-sublet,2048,4095,600,651210,633084,0.0009477415319294122,97.21656608467315,3
mruby-ao8,capstone-sublet,4096,8191,1200,651210,633084,0.0018954830638588244,97.21656608467315,3
mruby-ao8,capstone-sublet,8192,16383,1200,651210,633084,0.0018954830638588244,97.21656608467315,3
mruby-ao8,capstone-sublet,16384,32767,3600,651210,633084,0.005686449191576473,97.21656608467315,3
mruby-ao8,capstone-sublet,32768,65535,4800,651210,633084,0.0075819322554352975,97.21656608467315,3
mruby-ao8,capstone-sublet,65536,131071,6423,651210,633084,0.010145573099304358,97.21656608467315,3
mruby-ao8,capstone-sublet,131072,262143,0,651210,633084,0.0,97.21656608467315,3
mruby-ao8,capstone-sublet,262144,524287,0,651210,633084,0.0,97.21656608467315,3
mruby-ao8,capstone-sublet,524288,1048575,0,651210,633084,0.0,97.21656608467315,3
mruby-ao8,capstone-sublet,1048576,2097151,0,651210,633084,0.0,97.21656608467315,3
mruby-ao8,capstone-sublet,2097152,4194303,0,651210,633084,0.0,97.21656608467315,3
mruby-ao8,capstone-sublet,4194304,8388607,0,651210,633084,0.0,97.21656608467315,3
mruby-ao8,capstone-sublet,8388608,16777215,0,651210,633084,0.0,97.21656608467315,3
mruby-ao8,capstone-sublet,16777216,33554431,0,651210,633084,0.0,97.21656608467315,3
mruby-ao8,capstone-sublet,33554432,67108863,0,651210,633084,0.0,97.21656608467315,3
mruby-ao8,capstone-sublet,67108864,134217727,0,651210,633084,0.0,97.21656608467315,3
mruby-ao8,capstone-sublet,134217728,268435455,0,651210,633084,0.0,97.21656608467315,3
mruby-ao8,capstone-sublet,268435456,536870911,0,651210,633084,0.0,97.21656608467315,3
mruby-ao8,capstone-sublet,536870912,1073741823,0,651210,633084,0.0,97.21656608467315,3
mruby-ao8,capstone-sublet,1073741824,2147483647,0,651210,633084,0.0,97.21656608467315,3
mruby-ao8,capstone-sublet,2147483648,4294967295,0,651210,633084,0.0,97.21656608467315,3
mruby-ao16,capstone-spatial,1,1,2235,2747943,2720130,0.0008216519063427116,98.98786110192242,3
mruby-ao16,capstone-spatial,2,3,4452,2747943,2720130,0.0016366864818960858,98.98786110192242,3
mruby-ao16,capstone-spatial,4,7,8916,2747943,2720130,0.00327778451765173,98.98786110192242,3
mruby-ao16,capstone-spatial,8,15,17832,2747943,2720130,0.00655556903530346,98.98786110192242,3
mruby-ao16,capstone-spatial,16,31,35664,2747943,2720130,0.01311113807060692,98.98786110192242,3
mruby-ao16,capstone-spatial,32,63,71328,2747943,2720130,0.02622227614121384,98.98786110192242,3
mruby-ao16,capstone-spatial,64,127,142656,2747943,2720130,0.05244455228242768,98.98786110192242,3
mruby-ao16,capstone-spatial,128,255,285060,2747943,2720130,0.10479646193380464,98.98786110192242,3
mruby-ao16,capstone-spatial,256,511,568827,2747943,2720130,0.20911757893924188,98.98786110192242,3
mruby-ao16,capstone-spatial,512,1023,948108,2747943,2720130,0.3485524588898325,98.98786110192242,3
mruby-ao16,capstone-spatial,1024,2047,555105,2747943,2720130,0.20407296710083708,98.98786110192242,3
mruby-ao16,capstone-spatial,2048,4095,3600,2747943,2720130,0.001323466157867455,98.98786110192242,3
mruby-ao16,capstone-spatial,4096,8191,1800,2747943,2720130,0.0006617330789337275,98.98786110192242,3
mruby-ao16,capstone-spatial,8192,16383,8400,2747943,2720130,0.003088087701690728,98.98786110192242,3
mruby-ao16,capstone-spatial,16384,32767,12282,2747943,2720130,0.0045152253752578,98.98786110192242,3
mruby-ao16,capstone-spatial,32768,65535,22518,2747943,2720130,0.00827828081746093,98.98786110192242,3
mruby-ao16,capstone-spatial,65536,131071,31347,2747943,2720130,0.011524081569630864,98.98786110192242,3
mruby-ao16,capstone-spatial,131072,262143,0,2747943,2720130,0.0,98.98786110192242,3
mruby-ao16,capstone-spatial,262144,524287,0,2747943,2720130,0.0,98.98786110192242,3
mruby-ao16,capstone-spatial,524288,1048575,0,2747943,2720130,0.0,98.98786110192242,3
mruby-ao16,capstone-spatial,1048576,2097151,0,2747943,2720130,0.0,98.98786110192242,3
mruby-ao16,capstone-spatial,2097152,4194303,0,2747943,2720130,0.0,98.98786110192242,3
mruby-ao16,capstone-spatial,4194304,8388607,0,2747943,2720130,0.0,98.98786110192242,3
mruby-ao16,capstone-spatial,8388608,16777215,0,2747943,2720130,0.0,98.98786110192242,3
mruby-ao16,capstone-spatial,16777216,33554431,0,2747943,2720130,0.0,98.98786110192242,3
mruby-ao16,capstone-spatial,33554432,67108863,0,2747943,2720130,0.0,98.98786110192242,3
mruby-ao16,capstone-spatial,67108864,134217727,0,2747943,2720130,0.0,98.98786110192242,3
mruby-ao16,capstone-spatial,134217728,268435455,0,2747943,2720130,0.0,98.98786110192242,3
mruby-ao16,capstone-spatial,268435456,536870911,0,2747943,2720130,0.0,98.98786110192242,3
mruby-ao16,capstone-spatial,536870912,1073741823,0,2747943,2720130,0.0,98.98786110192242,3
mruby-ao16,capstone-spatial,1073741824,2147483647,0,2747943,2720130,0.0,98.98786110192242,3
mruby-ao16,capstone-spatial,2147483648,4294967295,0,2747943,2720130,0.0,98.98786110192242,3
mruby-ao16,capstone-sublet,1,1,2244,2747943,2729838,0.000822026801590424,99.34114353900354,3
mruby-ao16,capstone-sublet,2,3,4488,2747943,2729838,0.001644053603180848,99.34114353900354,3
mruby-ao16,capstone-sublet,4,7,8976,2747943,2729838,0.003288107206361696,99.34114353900354,3
mruby-ao16,capstone-sublet,8,15,17940,2747943,2729838,0.006571818547474246,99.34114353900354,3
mruby-ao16,capstone-sublet,16,31,35685,2747943,2729838,0.013072204284649858,99.34114353900354,3
mruby-ao16,capstone-sublet,32,63,71145,2747943,2729838,0.026061986095878217,99.34114353900354,3
mruby-ao16,capstone-sublet,64,127,142299,2747943,2729838,0.0521272690906933,99.34114353900354,3
mruby-ao16,capstone-sublet,128,255,284292,2747943,2729838,0.10414244361753335,99.34114353900354,3
mruby-ao16,capstone-sublet,256,511,567060,2747943,2729838,0.20772661234842507,99.34114353900354,3
mruby-ao16,capstone-sublet,512,1023,941673,2747943,2729838,0.344955634729973,99.34114353900354,3
mruby-ao16,capstone-sublet,1024,2047,546963,2747943,2729838,0.20036463702241672,99.34114353900354,3
mruby-ao16,capstone-sublet,2048,4095,3000,2747943,2729838,0.0010989663122866632,99.34114353900354,3
mruby-ao16,capstone-sublet,4096,8191,2400,2747943,2729838,0.0008791730498293306,99.34114353900354,3
mruby-ao16,capstone-sublet,8192,16383,6600,2747943,2729838,0.002417725887030659,99.34114353900354,3
mruby-ao16,capstone-sublet,16384,32767,14055,2747943,2729838,0.005148657173063017,99.34114353900354,3
mruby-ao16,capstone-sublet,32768,65535,22545,2747943,2729838,0.008258731836834274,99.34114353900354,3
mruby-ao16,capstone-sublet,65536,131071,58443,2747943,2729838,0.021408962729656485,99.34114353900354,3
mruby-ao16,capstone-sublet,131072,262143,24,2747943,2729838,8.791730498293306e-06,99.34114353900354,3
mruby-ao16,capstone-sublet,262144,524287,6,2747943,2729838,2.1979326245733265e-06,99.34114353900354,3
mruby-ao16,capstone-sublet,524288,1048575,0,2747943,2729838,0.0,99.34114353900354,3
mruby-ao16,capstone-sublet,1048576,2097151,0,2747943,2729838,0.0,99.34114353900354,3
mruby-ao16,capstone-sublet,2097152,4194303,0,2747943,2729838,0.0,99.34114353900354,3
mruby-ao16,capstone-sublet,4194304,8388607,0,2747943,2729838,0.0,99.34114353900354,3
mruby-ao16,capstone-sublet,8388608,16777215,0,2747943,2729838,0.0,99.34114353900354,3
mruby-ao16,capstone-sublet,16777216,33554431,0,2747943,2729838,0.0,99.34114353900354,3
mruby-ao16,capstone-sublet,33554432,67108863,0,2747943,2729838,0.0,99.34114353900354,3
mruby-ao16,capstone-sublet,67108864,134217727,0,2747943,2729838,0.0,99.34114353900354,3
mruby-ao16,capstone-sublet,134217728,268435455,0,2747943,2729838,0.0,99.34114353900354,3
mruby-ao16,capstone-sublet,268435456,536870911,0,2747943,2729838,0.0,99.34114353900354,3
mruby-ao16,capstone-sublet,536870912,1073741823,0,2747943,2729838,0.0,99.34114353900354,3
mruby-ao16,capstone-sublet,1073741824,2147483647,0,2747943,2729838,0.0,99.34114353900354,3
mruby-ao16,capstone-sublet,2147483648,4294967295,0,2747943,2729838,0.0,99.34114353900354,3
ffmpeg-xvid,capstone-spatial,1,1,54,759,630,0.08571428571428572,83.00395256916995,3
ffmpeg-xvid,capstone-spatial,2,3,108,759,630,0.17142857142857143,83.00395256916995,3
ffmpeg-xvid,capstone-spatial,4,7,213,759,630,0.3380952380952381,83.00395256916995,3
ffmpeg-xvid,capstone-spatial,8,15,255,759,630,0.40476190476190477,83.00395256916995,3
ffmpeg-xvid,capstone-spatial,16,31,0,759,630,0.0,83.00395256916995,3
ffmpeg-xvid,capstone-spatial,32,63,0,759,630,0.0,83.00395256916995,3
ffmpeg-xvid,capstone-spatial,64,127,0,759,630,0.0,83.00395256916995,3
ffmpeg-xvid,capstone-spatial,128,255,0,759,630,0.0,83.00395256916995,3
ffmpeg-xvid,capstone-spatial,256,511,0,759,630,0.0,83.00395256916995,3
ffmpeg-xvid,capstone-spatial,512,1023,0,759,630,0.0,83.00395256916995,3
ffmpeg-xvid,capstone-spatial,1024,2047,0,759,630,0.0,83.00395256916995,3
ffmpeg-xvid,capstone-spatial,2048,4095,0,759,630,0.0,83.00395256916995,3
ffmpeg-xvid,capstone-spatial,4096,8191,0,759,630,0.0,83.00395256916995,3
ffmpeg-xvid,capstone-spatial,8192,16383,0,759,630,0.0,83.00395256916995,3
ffmpeg-xvid,capstone-spatial,16384,32767,0,759,630,0.0,83.00395256916995,3
ffmpeg-xvid,capstone-spatial,32768,65535,0,759,630,0.0,83.00395256916995,3
ffmpeg-xvid,capstone-spatial,65536,131071,0,759,630,0.0,83.00395256916995,3
ffmpeg-xvid,capstone-spatial,131072,262143,0,759,630,0.0,83.00395256916995,3
ffmpeg-xvid,capstone-spatial,262144,524287,0,759,630,0.0,83.00395256916995,3
ffmpeg-xvid,capstone-spatial,524288,1048575,0,759,630,0.0,83.00395256916995,3
ffmpeg-xvid,capstone-spatial,1048576,2097151,0,759,630,0.0,83.00395256916995,3
ffmpeg-xvid,capstone-spatial,2097152,4194303,0,759,630,0.0,83.00395256916995,3
ffmpeg-xvid,capstone-spatial,4194304,8388607,0,759,630,0.0,83.00395256916995,3
ffmpeg-xvid,capstone-spatial,8388608,16777215,0,759,630,0.0,83.00395256916995,3
ffmpeg-xvid,capstone-spatial,16777216,33554431,0,759,630,0.0,83.00395256916995,3
ffmpeg-xvid,capstone-spatial,33554432,67108863,0,759,630,0.0,83.00395256916995,3
ffmpeg-xvid,capstone-spatial,67108864,134217727,0,759,630,0.0,83.00395256916995,3
ffmpeg-xvid,capstone-spatial,134217728,268435455,0,759,630,0.0,83.00395256916995,3
ffmpeg-xvid,capstone-spatial,268435456,536870911,0,759,630,0.0,83.00395256916995,3
ffmpeg-xvid,capstone-spatial,536870912,1073741823,0,759,630,0.0,83.00395256916995,3
ffmpeg-xvid,capstone-spatial,1073741824,2147483647,0,759,630,0.0,83.00395256916995,3
ffmpeg-xvid,capstone-spatial,2147483648,4294967295,0,759,630,0.0,83.00395256916995,3
ffmpeg-xvid,capstone-sublet,1,1,54,759,630,0.08571428571428572,83.00395256916995,3
ffmpeg-xvid,capstone-sublet,2,3,108,759,630,0.17142857142857143,83.00395256916995,3
ffmpeg-xvid,capstone-sublet,4,7,213,759,630,0.3380952380952381,83.00395256916995,3
ffmpeg-xvid,capstone-sublet,8,15,255,759,630,0.40476190476190477,83.00395256916995,3
ffmpeg-xvid,capstone-sublet,16,31,0,759,630,0.0,83.00395256916995,3
ffmpeg-xvid,capstone-sublet,32,63,0,759,630,0.0,83.00395256916995,3
ffmpeg-xvid,capstone-sublet,64,127,0,759,630,0.0,83.00395256916995,3
ffmpeg-xvid,capstone-sublet,128,255,0,759,630,0.0,83.00395256916995,3
ffmpeg-xvid,capstone-sublet,256,511,0,759,630,0.0,83.00395256916995,3
ffmpeg-xvid,capstone-sublet,512,1023,0,759,630,0.0,83.00395256916995,3
ffmpeg-xvid,capstone-sublet,1024,2047,0,759,630,0.0,83.00395256916995,3
ffmpeg-xvid,capstone-sublet,2048,4095,0,759,630,0.0,83.00395256916995,3
ffmpeg-xvid,capstone-sublet,4096,8191,0,759,630,0.0,83.00395256916995,3
ffmpeg-xvid,capstone-sublet,8192,16383,0,759,630,0.0,83.00395256916995,3
ffmpeg-xvid,capstone-sublet,16384,32767,0,759,630,0.0,83.00395256916995,3
ffmpeg-xvid,capstone-sublet,32768,65535,0,759,630,0.0,83.00395256916995,3
ffmpeg-xvid,capstone-sublet,65536,131071,0,759,630,0.0,83.00395256916995,3
ffmpeg-xvid,capstone-sublet,131072,262143,0,759,630,0.0,83.00395256916995,3
ffmpeg-xvid,capstone-sublet,262144,524287,0,759,630,0.0,83.00395256916995,3
ffmpeg-xvid,capstone-sublet,524288,1048575,0,759,630,0.0,83.00395256916995,3
ffmpeg-xvid,capstone-sublet,1048576,2097151,0,759,630,0.0,83.00395256916995,3
ffmpeg-xvid,capstone-sublet,2097152,4194303,0,759,630,0.0,83.00395256916995,3
ffmpeg-xvid,capstone-sublet,4194304,8388607,0,759,630,0.0,83.00395256916995,3
ffmpeg-xvid,capstone-sublet,8388608,16777215,0,759,630,0.0,83.00395256916995,3
ffmpeg-xvid,capstone-sublet,16777216,33554431,0,759,630,0.0,83.00395256916995,3
ffmpeg-xvid,capstone-sublet,33554432,67108863,0,759,630,0.0,83.00395256916995,3
ffmpeg-xvid,capstone-sublet,67108864,134217727,0,759,630,0.0,83.00395256916995,3
ffmpeg-xvid,capstone-sublet,134217728,268435455,0,759,630,0.0,83.00395256916995,3
ffmpeg-xvid,capstone-sublet,268435456,536870911,0,759,630,0.0,83.00395256916995,3
ffmpeg-xvid,capstone-sublet,536870912,1073741823,0,759,630,0.0,83.00395256916995,3
ffmpeg-xvid,capstone-sublet,1073741824,2147483647,0,759,630,0.0,83.00395256916995,3
ffmpeg-xvid,capstone-sublet,2147483648,4294967295,0,759,630,0.0,83.00395256916995,3
ffmpeg-resize,capstone-spatial,1,1,432,5475,5172,0.08352668213457076,94.46575342465754,3
ffmpeg-resize,capstone-spatial,2,3,864,5475,5172,0.16705336426914152,94.46575342465754,3
ffmpeg-resize,capstone-spatial,4,7,1719,5475,5172,0.3323665893271462,94.46575342465754,3
ffmpeg-resize,capstone-spatial,8,15,2124,5475,5172,0.41067285382830626,94.46575342465754,3
ffmpeg-resize,capstone-spatial,16,31,21,5475,5172,0.004060324825986079,94.46575342465754,3
ffmpeg-resize,capstone-spatial,32,63,9,5475,5172,0.0017401392111368909,94.46575342465754,3
ffmpeg-resize,capstone-spatial,64,127,0,5475,5172,0.0,94.46575342465754,3
ffmpeg-resize,capstone-spatial,128,255,0,5475,5172,0.0,94.46575342465754,3
ffmpeg-resize,capstone-spatial,256,511,0,5475,5172,0.0,94.46575342465754,3
ffmpeg-resize,capstone-spatial,512,1023,3,5475,5172,0.000580046403712297,94.46575342465754,3
ffmpeg-resize,capstone-spatial,1024,2047,0,5475,5172,0.0,94.46575342465754,3
ffmpeg-resize,capstone-spatial,2048,4095,0,5475,5172,0.0,94.46575342465754,3
ffmpeg-resize,capstone-spatial,4096,8191,0,5475,5172,0.0,94.46575342465754,3
ffmpeg-resize,capstone-spatial,8192,16383,0,5475,5172,0.0,94.46575342465754,3
ffmpeg-resize,capstone-spatial,16384,32767,0,5475,5172,0.0,94.46575342465754,3
ffmpeg-resize,capstone-spatial,32768,65535,0,5475,5172,0.0,94.46575342465754,3
ffmpeg-resize,capstone-spatial,65536,131071,0,5475,5172,0.0,94.46575342465754,3
ffmpeg-resize,capstone-spatial,131072,262143,0,5475,5172,0.0,94.46575342465754,3
ffmpeg-resize,capstone-spatial,262144,524287,0,5475,5172,0.0,94.46575342465754,3
ffmpeg-resize,capstone-spatial,524288,1048575,0,5475,5172,0.0,94.46575342465754,3
ffmpeg-resize,capstone-spatial,1048576,2097151,0,5475,5172,0.0,94.46575342465754,3
ffmpeg-resize,capstone-spatial,2097152,4194303,0,5475,5172,0.0,94.46575342465754,3
ffmpeg-resize,capstone-spatial,4194304,8388607,0,5475,5172,0.0,94.46575342465754,3
ffmpeg-resize,capstone-spatial,8388608,16777215,0,5475,5172,0.0,94.46575342465754,3
ffmpeg-resize,capstone-spatial,16777216,33554431,0,5475,5172,0.0,94.46575342465754,3
ffmpeg-resize,capstone-spatial,33554432,67108863,0,5475,5172,0.0,94.46575342465754,3
ffmpeg-resize,capstone-spatial,67108864,134217727,0,5475,5172,0.0,94.46575342465754,3
ffmpeg-resize,capstone-spatial,134217728,268435455,0,5475,5172,0.0,94.46575342465754,3
ffmpeg-resize,capstone-spatial,268435456,536870911,0,5475,5172,0.0,94.46575342465754,3
ffmpeg-resize,capstone-spatial,536870912,1073741823,0,5475,5172,0.0,94.46575342465754,3
ffmpeg-resize,capstone-spatial,1073741824,2147483647,0,5475,5172,0.0,94.46575342465754,3
ffmpeg-resize,capstone-spatial,2147483648,4294967295,0,5475,5172,0.0,94.46575342465754,3
ffmpeg-resize,capstone-sublet,1,1,432,5475,5172,0.08352668213457076,94.46575342465754,3
ffmpeg-resize,capstone-sublet,2,3,864,5475,5172,0.16705336426914152,94.46575342465754,3
ffmpeg-resize,capstone-sublet,4,7,1719,5475,5172,0.3323665893271462,94.46575342465754,3
ffmpeg-resize,capstone-sublet,8,15,2124,5475,5172,0.41067285382830626,94.46575342465754,3
ffmpeg-resize,capstone-sublet,16,31,21,5475,5172,0.004060324825986079,94.46575342465754,3
ffmpeg-resize,capstone-sublet,32,63,9,5475,5172,0.0017401392111368909,94.46575342465754,3
ffmpeg-resize,capstone-sublet,64,127,0,5475,5172,0.0,94.46575342465754,3
ffmpeg-resize,capstone-sublet,128,255,0,5475,5172,0.0,94.46575342465754,3
ffmpeg-resize,capstone-sublet,256,511,0,5475,5172,0.0,94.46575342465754,3
ffmpeg-resize,capstone-sublet,512,1023,3,5475,5172,0.000580046403712297,94.46575342465754,3
ffmpeg-resize,capstone-sublet,1024,2047,0,5475,5172,0.0,94.46575342465754,3
ffmpeg-resize,capstone-sublet,2048,4095,0,5475,5172,0.0,94.46575342465754,3
ffmpeg-resize,capstone-sublet,4096,8191,0,5475,5172,0.0,94.46575342465754,3
ffmpeg-resize,capstone-sublet,8192,16383,0,5475,5172,0.0,94.46575342465754,3
ffmpeg-resize,capstone-sublet,16384,32767,0,5475,5172,0.0,94.46575342465754,3
ffmpeg-resize,capstone-sublet,32768,65535,0,5475,5172,0.0,94.46575342465754,3
ffmpeg-resize,capstone-sublet,65536,131071,0,5475,5172,0.0,94.46575342465754,3
ffmpeg-resize,capstone-sublet,131072,262143,0,5475,5172,0.0,94.46575342465754,3
ffmpeg-resize,capstone-sublet,262144,524287,0,5475,5172,0.0,94.46575342465754,3
ffmpeg-resize,capstone-sublet,524288,1048575,0,5475,5172,0.0,94.46575342465754,3
ffmpeg-resize,capstone-sublet,1048576,2097151,0,5475,5172,0.0,94.46575342465754,3
ffmpeg-resize,capstone-sublet,2097152,4194303,0,5475,5172,0.0,94.46575342465754,3
ffmpeg-resize,capstone-sublet,4194304,8388607,0,5475,5172,0.0,94.46575342465754,3
ffmpeg-resize,capstone-sublet,8388608,16777215,0,5475,5172,0.0,94.46575342465754,3
ffmpeg-resize,capstone-sublet,16777216,33554431,0,5475,5172,0.0,94.46575342465754,3
ffmpeg-resize,capstone-sublet,33554432,67108863,0,5475,5172,0.0,94.46575342465754,3
ffmpeg-resize,capstone-sublet,67108864,134217727,0,5475,5172,0.0,94.46575342465754,3
ffmpeg-resize,capstone-sublet,134217728,268435455,0,5475,5172,0.0,94.46575342465754,3
ffmpeg-resize,capstone-sublet,268435456,536870911,0,5475,5172,0.0,94.46575342465754,3
ffmpeg-resize,capstone-sublet,536870912,1073741823,0,5475,5172,0.0,94.46575342465754,3
ffmpeg-resize,capstone-sublet,1073741824,2147483647,0,5475,5172,0.0,94.46575342465754,3
ffmpeg-resize,capstone-sublet,2147483648,4294967295,0,5475,5172,0.0,94.46575342465754,3
postgres-work,capstone-spatial,1,1,41328,162096,135006,0.30611972801208837,83.2876813740006,3
postgres-work,capstone-spatial,2,3,17604,162096,135006,0.13039420470201324,83.2876813740006,3
postgres-work,capstone-spatial,4,7,20964,162096,135006,0.1552819874672237,83.2876813740006,3
postgres-work,capstone-spatial,8,15,40125,162096,135006,0.29720901293275853,83.2876813740006,3
postgres-work,capstone-spatial,16,31,5697,162096,135006,0.04219812452779877,83.2876813740006,3
postgres-work,capstone-spatial,32,63,3291,162096,135006,0.02437669436913915,83.2876813740006,3
postgres-work,capstone-spatial,64,127,1119,162096,135006,0.008288520510199546,83.2876813740006,3
postgres-work,capstone-spatial,128,255,879,162096,135006,0.006510821741255944,83.2876813740006,3
postgres-work,capstone-spatial,256,511,645,162096,135006,0.004777565441535932,83.2876813740006,3
postgres-work,capstone-spatial,512,1023,273,162096,135006,0.002022132349673348,83.2876813740006,3
postgres-work,capstone-spatial,1024,2047,1200,162096,135006,0.008888493844718013,83.2876813740006,3
postgres-work,capstone-spatial,2048,4095,660,162096,135006,0.004888671614594907,83.2876813740006,3
postgres-work,capstone-spatial,4096,8191,780,162096,135006,0.005777520999066708,83.2876813740006,3
postgres-work,capstone-spatial,8192,16383,171,162096,135006,0.0012666103728723168,83.2876813740006,3
postgres-work,capstone-spatial,16384,32767,120,162096,135006,0.0008888493844718012,83.2876813740006,3
postgres-work,capstone-spatial,32768,65535,150,162096,135006,0.0011110617305897517,83.2876813740006,3
postgres-work,capstone-spatial,65536,131071,0,162096,135006,0.0,83.2876813740006,3
postgres-work,capstone-spatial,131072,262143,0,162096,135006,0.0,83.2876813740006,3
postgres-work,capstone-spatial,262144,524287,0,162096,135006,0.0,83.2876813740006,3
postgres-work,capstone-spatial,524288,1048575,0,162096,135006,0.0,83.2876813740006,3
postgres-work,capstone-spatial,1048576,2097151,0,162096,135006,0.0,83.2876813740006,3
postgres-work,capstone-spatial,2097152,4194303,0,162096,135006,0.0,83.2876813740006,3
postgres-work,capstone-spatial,4194304,8388607,0,162096,135006,0.0,83.2876813740006,3
postgres-work,capstone-spatial,8388608,16777215,0,162096,135006,0.0,83.2876813740006,3
postgres-work,capstone-spatial,16777216,33554431,0,162096,135006,0.0,83.2876813740006,3
postgres-work,capstone-spatial,33554432,67108863,0,162096,135006,0.0,83.2876813740006,3
postgres-work,capstone-spatial,67108864,134217727,0,162096,135006,0.0,83.2876813740006,3
postgres-work,capstone-spatial,134217728,268435455,0,162096,135006,0.0,83.2876813740006,3
postgres-work,capstone-spatial,268435456,536870911,0,162096,135006,0.0,83.2876813740006,3
postgres-work,capstone-spatial,536870912,1073741823,0,162096,135006,0.0,83.2876813740006,3
postgres-work,capstone-spatial,1073741824,2147483647,0,162096,135006,0.0,83.2876813740006,3
postgres-work,capstone-spatial,2147483648,4294967295,0,162096,135006,0.0,83.2876813740006,3
postgres-work,capstone-sublet,1,1,41319,162096,131115,0.31513556801281317,80.88725199881551,3
postgres-work,capstone-sublet,2,3,17598,162096,131115,0.1342180528543645,80.88725199881551,3
postgres-work,capstone-sublet,4,7,20934,162096,131115,0.1596613659764329,80.88725199881551,3
postgres-work,capstone-sublet,8,15,38196,162096,131115,0.2913167829767761,80.88725199881551,3
postgres-work,capstone-sublet,16,31,5523,162096,131115,0.04212332685047478,80.88725199881551,3
postgres-work,capstone-sublet,32,63,3195,162096,131115,0.024367921290470197,80.88725199881551,3
postgres-work,capstone-sublet,64,127,1002,162096,131115,0.007642146207527743,80.88725199881551,3
postgres-work,capstone-sublet,128,255,837,162096,131115,0.006383708957785151,80.88725199881551,3
postgres-work,capstone-sublet,256,511,615,162096,131115,0.004690538839949662,80.88725199881551,3
postgres-work,capstone-sublet,512,1023,285,162096,131115,0.002173664340464478,80.88725199881551,3
postgres-work,capstone-sublet,1024,2047,354,162096,131115,0.002699919917629562,80.88725199881551,3
postgres-work,capstone-sublet,2048,4095,270,162096,131115,0.002059260954124242,80.88725199881551,3
postgres-work,capstone-sublet,4096,8191,588,162096,131115,0.004484612744537238,80.88725199881551,3
postgres-work,capstone-sublet,8192,16383,108,162096,131115,0.0008237043816496968,80.88725199881551,3
postgres-work,capstone-sublet,16384,32767,72,162096,131115,0.0005491362544331312,80.88725199881551,3
postgres-work,capstone-sublet,32768,65535,219,162096,131115,0.0016702894405674408,80.88725199881551,3
postgres-work,capstone-sublet,65536,131071,0,162096,131115,0.0,80.88725199881551,3
postgres-work,capstone-sublet,131072,262143,0,162096,131115,0.0,80.88725199881551,3
postgres-work,capstone-sublet,262144,524287,0,162096,131115,0.0,80.88725199881551,3
postgres-work,capstone-sublet,524288,1048575,0,162096,131115,0.0,80.88725199881551,3
postgres-work,capstone-sublet,1048576,2097151,0,162096,131115,0.0,80.88725199881551,3
postgres-work,capstone-sublet,2097152,4194303,0,162096,131115,0.0,80.88725199881551,3
postgres-work,capstone-sublet,4194304,8388607,0,162096,131115,0.0,80.88725199881551,3
postgres-work,capstone-sublet,8388608,16777215,0,162096,131115,0.0,80.88725199881551,3
postgres-work,capstone-sublet,16777216,33554431,0,162096,131115,0.0,80.88725199881551,3
postgres-work,capstone-sublet,33554432,67108863,0,162096,131115,0.0,80.88725199881551,3
postgres-work,capstone-sublet,67108864,134217727,0,162096,131115,0.0,80.88725199881551,3
postgres-work,capstone-sublet,134217728,268435455,0,162096,131115,0.0,80.88725199881551,3
postgres-work,capstone-sublet,268435456,536870911,0,162096,131115,0.0,80.88725199881551,3
postgres-work,capstone-sublet,536870912,1073741823,0,162096,131115,0.0,80.88725199881551,3
postgres-work,capstone-sublet,1073741824,2147483647,0,162096,131115,0.0,80.88725199881551,3
postgres-work,capstone-sublet,2147483648,4294967295,0,162096,131115,0.0,80.88725199881551,3
cpython-objects8,capstone-spatial,1,1,38581,231015,146648,0.2630857563689924,63.479860615111576,3
cpython-objects8,capstone-spatial,2,3,41042,231015,146648,0.2798674376738858,63.479860615111576,3
cpython-objects8,capstone-spatial,4,7,14971,231015,146648,0.10208799301729311,63.479860615111576,3
cpython-objects8,capstone-spatial,8,15,7888,231015,146648,0.05378866401178332,63.479860615111576,3
cpython-objects8,capstone-spatial,16,31,5657,231015,146648,0.038575364137253834,63.479860615111576,3
cpython-objects8,capstone-spatial,32,63,11900,231015,146648,0.0811466913970869,63.479860615111576,3
cpython-objects8,capstone-spatial,64,127,4238,231015,146648,0.02889913261687851,63.479860615111576,3
cpython-objects8,capstone-spatial,128,255,5650,231015,146648,0.03852763078937319,63.479860615111576,3
cpython-objects8,capstone-spatial,256,511,5883,231015,146648,0.04011646936882876,63.479860615111576,3
cpython-objects8,capstone-spatial,512,1023,5126,231015,146648,0.034954448748022476,63.479860615111576,3
cpython-objects8,capstone-spatial,1024,2047,3438,231015,146648,0.023443892859091157,63.479860615111576,3
cpython-objects8,capstone-spatial,2048,4095,1044,231015,146648,0.007119087883912498,63.479860615111576,3
cpython-objects8,capstone-spatial,4096,8191,564,231015,146648,0.003845944029240085,63.479860615111576,3
cpython-objects8,capstone-spatial,8192,16383,333,231015,146648,0.0022707435491789866,63.479860615111576,3
cpython-objects8,capstone-spatial,16384,32767,285,231015,146648,0.001943429163711745,63.479860615111576,3
cpython-objects8,capstone-spatial,32768,65535,48,231015,146648,0.0003273143854672413,63.479860615111576,3
cpython-objects8,capstone-spatial,65536,131071,0,231015,146648,0.0,63.479860615111576,3
cpython-objects8,capstone-spatial,131072,262143,0,231015,146648,0.0,63.479860615111576,3
cpython-objects8,capstone-spatial,262144,524287,0,231015,146648,0.0,63.479860615111576,3
cpython-objects8,capstone-spatial,524288,1048575,0,231015,146648,0.0,63.479860615111576,3
cpython-objects8,capstone-spatial,1048576,2097151,0,231015,146648,0.0,63.479860615111576,3
cpython-objects8,capstone-spatial,2097152,4194303,0,231015,146648,0.0,63.479860615111576,3
cpython-objects8,capstone-spatial,4194304,8388607,0,231015,146648,0.0,63.479860615111576,3
cpython-objects8,capstone-spatial,8388608,16777215,0,231015,146648,0.0,63.479860615111576,3
cpython-objects8,capstone-spatial,16777216,33554431,0,231015,146648,0.0,63.479860615111576,3
cpython-objects8,capstone-spatial,33554432,67108863,0,231015,146648,0.0,63.479860615111576,3
cpython-objects8,capstone-spatial,67108864,134217727,0,231015,146648,0.0,63.479860615111576,3
cpython-objects8,capstone-spatial,134217728,268435455,0,231015,146648,0.0,63.479860615111576,3
cpython-objects8,capstone-spatial,268435456,536870911,0,231015,146648,0.0,63.479860615111576,3
cpython-objects8,capstone-spatial,536870912,1073741823,0,231015,146648,0.0,63.479860615111576,3
cpython-objects8,capstone-spatial,1073741824,2147483647,0,231015,146648,0.0,63.479860615111576,3
cpython-objects8,capstone-spatial,2147483648,4294967295,0,231015,146648,0.0,63.479860615111576,3
cpython-objects8,capstone-sublet,1,1,38577,231015,146646,0.26306206783683156,63.478994870462955,3
cpython-objects8,capstone-sublet,2,3,41040,231015,146646,0.27985761630047873,63.478994870462955,3
cpython-objects8,capstone-sublet,4,7,14967,231015,146646,0.10206210875168774,63.478994870462955,3
cpython-objects8,capstone-sublet,8,15,7890,231015,146646,0.053803035882328876,63.478994870462955,3
cpython-objects8,capstone-sublet,16,31,5667,231015,146646,0.038644081666052946,63.478994870462955,3
cpython-objects8,capstone-sublet,32,63,11898,231015,146646,0.08113415981342825,63.478994870462955,3
cpython-objects8,capstone-sublet,64,127,4242,231015,146646,0.028926803322286324,63.478994870462955,3
cpython-objects8,capstone-sublet,128,255,5646,231015,146646,0.03850087966940796,63.478994870462955,3
cpython-objects8,capstone-sublet,256,511,5883,231015,146646,0.04011701648868704,63.478994870462955,3
cpython-objects8,capstone-sublet,512,1023,5124,231015,146646,0.034941287181375555,63.478994870462955,3
cpython-objects8,capstone-sublet,1024,2047,3438,231015,146646,0.023444212593592733,63.478994870462955,3
cpython-objects8,capstone-sublet,2048,4095,1044,231015,146646,0.0071191849760648095,63.478994870462955,3
cpython-objects8,capstone-sublet,4096,8191,564,231015,146646,0.003845996481322368,63.478994870462955,3
cpython-objects8,capstone-sublet,8192,16383,333,231015,146646,0.0022707745182275686,63.478994870462955,3
cpython-objects8,capstone-sublet,16384,32767,285,231015,146646,0.0019434556687533244,63.478994870462955,3
cpython-objects8,capstone-sublet,32768,65535,48,231015,146646,0.0003273188494742441,63.478994870462955,3
cpython-objects8,capstone-sublet,65536,131071,0,231015,146646,0.0,63.478994870462955,3
cpython-objects8,capstone-sublet,131072,262143,0,231015,146646,0.0,63.478994870462955,3
cpython-objects8,capstone-sublet,262144,524287,0,231015,146646,0.0,63.478994870462955,3
cpython-objects8,capstone-sublet,524288,1048575,0,231015,146646,0.0,63.478994870462955,3
cpython-objects8,capstone-sublet,1048576,2097151,0,231015,146646,0.0,63.478994870462955,3
cpython-objects8,capstone-sublet,2097152,4194303,0,231015,146646,0.0,63.478994870462955,3
cpython-objects8,capstone-sublet,4194304,8388607,0,231015,146646,0.0,63.478994870462955,3
cpython-objects8,capstone-sublet,8388608,16777215,0,231015,146646,0.0,63.478994870462955,3
cpython-objects8,capstone-sublet,16777216,33554431,0,231015,146646,0.0,63.478994870462955,3
cpython-objects8,capstone-sublet,33554432,67108863,0,231015,146646,0.0,63.478994870462955,3
cpython-objects8,capstone-sublet,67108864,134217727,0,231015,146646,0.0,63.478994870462955,3
cpython-objects8,capstone-sublet,134217728,268435455,0,231015,146646,0.0,63.478994870462955,3
cpython-objects8,capstone-sublet,268435456,536870911,0,231015,146646,0.0,63.478994870462955,3
cpython-objects8,capstone-sublet,536870912,1073741823,0,231015,146646,0.0,63.478994870462955,3
cpython-objects8,capstone-sublet,1073741824,2147483647,0,231015,146646,0.0,63.478994870462955,3
cpython-objects8,capstone-sublet,2147483648,4294967295,0,231015,146646,0.0,63.478994870462955,3
perl-records512,capstone-spatial,1,1,21216,147555,94056,0.2255677468742026,63.74301108061401,3
perl-records512,capstone-spatial,2,3,37080,147555,94056,0.3942332227609084,63.74301108061401,3
perl-records512,capstone-spatial,4,7,9375,147555,94056,0.09967466190354682,63.74301108061401,3
perl-records512,capstone-spatial,8,15,108,147555,94056,0.0011482521051288594,63.74301108061401,3
perl-records512,capstone-spatial,16,31,180,147555,94056,0.001913753508548099,63.74301108061401,3
perl-records512,capstone-spatial,32,63,234,147555,94056,0.0024878795611125285,63.74301108061401,3
perl-records512,capstone-spatial,64,127,327,147555,94056,0.003476652207195713,63.74301108061401,3
perl-records512,capstone-spatial,128,255,609,147555,94056,0.006474866037254402,63.74301108061401,3
perl-records512,capstone-spatial,256,511,1233,147555,94056,0.013109211533554477,63.74301108061401,3
perl-records512,capstone-spatial,512,1023,2382,147555,94056,0.025325338096453178,63.74301108061401,3
perl-records512,capstone-spatial,1024,2047,3264,147555,94056,0.03470273028833886,63.74301108061401,3
perl-records512,capstone-spatial,2048,4095,6558,147555,94056,0.06972441949476907,63.74301108061401,3
perl-records512,capstone-spatial,4096,8191,11490,147555,94056,0.12216126562898699,63.74301108061401,3
perl-records512,capstone-spatial,8192,16383,0,147555,94056,0.0,63.74301108061401,3
perl-records512,capstone-spatial,16384,32767,0,147555,94056,0.0,63.74301108061401,3
perl-records512,capstone-spatial,32768,65535,0,147555,94056,0.0,63.74301108061401,3
perl-records512,capstone-spatial,65536,131071,0,147555,94056,0.0,63.74301108061401,3
perl-records512,capstone-spatial,131072,262143,0,147555,94056,0.0,63.74301108061401,3
perl-records512,capstone-spatial,262144,524287,0,147555,94056,0.0,63.74301108061401,3
perl-records512,capstone-spatial,524288,1048575,0,147555,94056,0.0,63.74301108061401,3
perl-records512,capstone-spatial,1048576,2097151,0,147555,94056,0.0,63.74301108061401,3
perl-records512,capstone-spatial,2097152,4194303,0,147555,94056,0.0,63.74301108061401,3
perl-records512,capstone-spatial,4194304,8388607,0,147555,94056,0.0,63.74301108061401,3
perl-records512,capstone-spatial,8388608,16777215,0,147555,94056,0.0,63.74301108061401,3
perl-records512,capstone-spatial,16777216,33554431,0,147555,94056,0.0,63.74301108061401,3
perl-records512,capstone-spatial,33554432,67108863,0,147555,94056,0.0,63.74301108061401,3
perl-records512,capstone-spatial,67108864,134217727,0,147555,94056,0.0,63.74301108061401,3
perl-records512,capstone-spatial,134217728,268435455,0,147555,94056,0.0,63.74301108061401,3
perl-records512,capstone-spatial,268435456,536870911,0,147555,94056,0.0,63.74301108061401,3
perl-records512,capstone-spatial,536870912,1073741823,0,147555,94056,0.0,63.74301108061401,3
perl-records512,capstone-spatial,1073741824,2147483647,0,147555,94056,0.0,63.74301108061401,3
perl-records512,capstone-spatial,2147483648,4294967295,0,147555,94056,0.0,63.74301108061401,3
perl-records512,capstone-sublet,1,1,21216,147555,94056,0.2255677468742026,63.74301108061401,3
perl-records512,capstone-sublet,2,3,37080,147555,94056,0.3942332227609084,63.74301108061401,3
perl-records512,capstone-sublet,4,7,9375,147555,94056,0.09967466190354682,63.74301108061401,3
perl-records512,capstone-sublet,8,15,108,147555,94056,0.0011482521051288594,63.74301108061401,3
perl-records512,capstone-sublet,16,31,180,147555,94056,0.001913753508548099,63.74301108061401,3
perl-records512,capstone-sublet,32,63,234,147555,94056,0.0024878795611125285,63.74301108061401,3
perl-records512,capstone-sublet,64,127,327,147555,94056,0.003476652207195713,63.74301108061401,3
perl-records512,capstone-sublet,128,255,609,147555,94056,0.006474866037254402,63.74301108061401,3
perl-records512,capstone-sublet,256,511,1233,147555,94056,0.013109211533554477,63.74301108061401,3
perl-records512,capstone-sublet,512,1023,2382,147555,94056,0.025325338096453178,63.74301108061401,3
perl-records512,capstone-sublet,1024,2047,3264,147555,94056,0.03470273028833886,63.74301108061401,3
perl-records512,capstone-sublet,2048,4095,6558,147555,94056,0.06972441949476907,63.74301108061401,3
perl-records512,capstone-sublet,4096,8191,11490,147555,94056,0.12216126562898699,63.74301108061401,3
perl-records512,capstone-sublet,8192,16383,0,147555,94056,0.0,63.74301108061401,3
perl-records512,capstone-sublet,16384,32767,0,147555,94056,0.0,63.74301108061401,3
perl-records512,capstone-sublet,32768,65535,0,147555,94056,0.0,63.74301108061401,3
perl-records512,capstone-sublet,65536,131071,0,147555,94056,0.0,63.74301108061401,3
perl-records512,capstone-sublet,131072,262143,0,147555,94056,0.0,63.74301108061401,3
perl-records512,capstone-sublet,262144,524287,0,147555,94056,0.0,63.74301108061401,3
perl-records512,capstone-sublet,524288,1048575,0,147555,94056,0.0,63.74301108061401,3
perl-records512,capstone-sublet,1048576,2097151,0,147555,94056,0.0,63.74301108061401,3
perl-records512,capstone-sublet,2097152,4194303,0,147555,94056,0.0,63.74301108061401,3
perl-records512,capstone-sublet,4194304,8388607,0,147555,94056,0.0,63.74301108061401,3
perl-records512,capstone-sublet,8388608,16777215,0,147555,94056,0.0,63.74301108061401,3
perl-records512,capstone-sublet,16777216,33554431,0,147555,94056,0.0,63.74301108061401,3
perl-records512,capstone-sublet,33554432,67108863,0,147555,94056,0.0,63.74301108061401,3
perl-records512,capstone-sublet,67108864,134217727,0,147555,94056,0.0,63.74301108061401,3
perl-records512,capstone-sublet,134217728,268435455,0,147555,94056,0.0,63.74301108061401,3
perl-records512,capstone-sublet,268435456,536870911,0,147555,94056,0.0,63.74301108061401,3
perl-records512,capstone-sublet,536870912,1073741823,0,147555,94056,0.0,63.74301108061401,3
perl-records512,capstone-sublet,1073741824,2147483647,0,147555,94056,0.0,63.74301108061401,3
perl-records512,capstone-sublet,2147483648,4294967295,0,147555,94056,0.0,63.74301108061401,3
sqlite-main,poisoncap-spatial,1,1,352560,1650411,1643169,0.21456100985352086,99.56120021012947,3
sqlite-main,poisoncap-spatial,2,3,496227,1650411,1643169,0.30199389107267727,99.56120021012947,3
sqlite-main,poisoncap-spatial,4,7,246624,1650411,1643169,0.15009046543599594,99.56120021012947,3
sqlite-main,poisoncap-spatial,8,15,111258,1650411,1643169,0.06770940785762146,99.56120021012947,3
sqlite-main,poisoncap-spatial,16,31,65910,1650411,1643169,0.040111516222616175,99.56120021012947,3
sqlite-main,poisoncap-spatial,32,63,66939,1650411,1643169,0.04073774517411173,99.56120021012947,3
sqlite-main,poisoncap-spatial,64,127,39138,1650411,1643169,0.023818609041431526,99.56120021012947,3
sqlite-main,poisoncap-spatial,128,255,36531,1650411,1643169,0.022232040648283897,99.56120021012947,3
sqlite-main,poisoncap-spatial,256,511,48702,1650411,1643169,0.02963906938361179,99.56120021012947,3
sqlite-main,poisoncap-spatial,512,1023,23199,1650411,1643169,0.014118450384592212,99.56120021012947,3
sqlite-main,poisoncap-spatial,1024,2047,14814,1650411,1643169,0.009015506013075953,99.56120021012947,3
sqlite-main,poisoncap-spatial,2048,4095,12402,1650411,1643169,0.007547610744847304,99.56120021012947,3
sqlite-main,poisoncap-spatial,4096,8191,13716,1650411,1643169,0.008347285032762912,99.56120021012947,3
sqlite-main,poisoncap-spatial,8192,16383,11673,1650411,1643169,0.007103955831688645,99.56120021012947,3
sqlite-main,poisoncap-spatial,16384,32767,103476,1650411,1643169,0.06297343730316236,99.56120021012947,3
sqlite-main,poisoncap-spatial,32768,65535,0,1650411,1643169,0.0,99.56120021012947,3
sqlite-main,poisoncap-spatial,65536,131071,0,1650411,1643169,0.0,99.56120021012947,3
sqlite-main,poisoncap-spatial,131072,262143,0,1650411,1643169,0.0,99.56120021012947,3
sqlite-main,poisoncap-spatial,262144,524287,0,1650411,1643169,0.0,99.56120021012947,3
sqlite-main,poisoncap-spatial,524288,1048575,0,1650411,1643169,0.0,99.56120021012947,3
sqlite-main,poisoncap-spatial,1048576,2097151,0,1650411,1643169,0.0,99.56120021012947,3
sqlite-main,poisoncap-spatial,2097152,4194303,0,1650411,1643169,0.0,99.56120021012947,3
sqlite-main,poisoncap-spatial,4194304,8388607,0,1650411,1643169,0.0,99.56120021012947,3
sqlite-main,poisoncap-spatial,8388608,16777215,0,1650411,1643169,0.0,99.56120021012947,3
sqlite-main,poisoncap-spatial,16777216,33554431,0,1650411,1643169,0.0,99.56120021012947,3
sqlite-main,poisoncap-spatial,33554432,67108863,0,1650411,1643169,0.0,99.56120021012947,3
sqlite-main,poisoncap-spatial,67108864,134217727,0,1650411,1643169,0.0,99.56120021012947,3
sqlite-main,poisoncap-spatial,134217728,268435455,0,1650411,1643169,0.0,99.56120021012947,3
sqlite-main,poisoncap-spatial,268435456,536870911,0,1650411,1643169,0.0,99.56120021012947,3
sqlite-main,poisoncap-spatial,536870912,1073741823,0,1650411,1643169,0.0,99.56120021012947,3
sqlite-main,poisoncap-spatial,1073741824,2147483647,0,1650411,1643169,0.0,99.56120021012947,3
sqlite-main,poisoncap-spatial,2147483648,4294967295,0,1650411,1643169,0.0,99.56120021012947,3
sqlite-main,poisoncap-temporal,1,1,123,1650411,1425261,8.629998295049118e-05,86.35794356678427,3
sqlite-main,poisoncap-temporal,2,3,168,1650411,1425261,0.00011787314744457332,86.35794356678427,3
sqlite-main,poisoncap-temporal,4,7,243,1650411,1425261,0.00017049508826804354,86.35794356678427,3
sqlite-main,poisoncap-temporal,8,15,321,1650411,1425261,0.00022522190672445258,86.35794356678427,3
sqlite-main,poisoncap-temporal,16,31,615,1650411,1425261,0.00043149991475245587,86.35794356678427,3
sqlite-main,poisoncap-temporal,32,63,1323,1650411,1425261,0.0009282510361260148,86.35794356678427,3
sqlite-main,poisoncap-temporal,64,127,2178,1650411,1425261,0.0015281411615135753,86.35794356678427,3
sqlite-main,poisoncap-temporal,128,255,4317,1650411,1425261,0.0030289189137989465,86.35794356678427,3
sqlite-main,poisoncap-temporal,256,511,7017,1650411,1425261,0.004923308783443874,86.35794356678427,3
sqlite-main,poisoncap-temporal,512,1023,15816,1650411,1425261,0.011096914880853402,86.35794356678427,3
sqlite-main,poisoncap-temporal,1024,2047,37875,1650411,1425261,0.026574080115852466,86.35794356678427,3
sqlite-main,poisoncap-temporal,2048,4095,227265,1650411,1425261,0.15945500508327948,86.35794356678427,3
sqlite-main,poisoncap-temporal,4096,8191,344754,1650411,1425261,0.24188832782206207,86.35794356678427,3
sqlite-main,poisoncap-temporal,8192,16383,154248,1650411,1425261,0.10822438837518181,86.35794356678427,3
sqlite-main,poisoncap-temporal,16384,32767,181836,1650411,1425261,0.1275808430876871,86.35794356678427,3
sqlite-main,poisoncap-temporal,32768,65535,162417,1650411,1425261,0.11395597016967418,86.35794356678427,3
sqlite-main,poisoncap-temporal,65536,131071,139176,1650411,1425261,0.09764948314729723,86.35794356678427,3
sqlite-main,poisoncap-temporal,131072,262143,106698,1650411,1425261,0.07486207789310169,86.35794356678427,3
sqlite-main,poisoncap-temporal,262144,524287,38826,1650411,1425261,0.02724132632549407,86.35794356678427,3
sqlite-main,poisoncap-temporal,524288,1048575,45,1650411,1425261,3.157316449408214e-05,86.35794356678427,3
sqlite-main,poisoncap-temporal,1048576,2097151,0,1650411,1425261,0.0,86.35794356678427,3
sqlite-main,poisoncap-temporal,2097152,4194303,0,1650411,1425261,0.0,86.35794356678427,3
sqlite-main,poisoncap-temporal,4194304,8388607,0,1650411,1425261,0.0,86.35794356678427,3
sqlite-main,poisoncap-temporal,8388608,16777215,0,1650411,1425261,0.0,86.35794356678427,3
sqlite-main,poisoncap-temporal,16777216,33554431,0,1650411,1425261,0.0,86.35794356678427,3
sqlite-main,poisoncap-temporal,33554432,67108863,0,1650411,1425261,0.0,86.35794356678427,3
sqlite-main,poisoncap-temporal,67108864,134217727,0,1650411,1425261,0.0,86.35794356678427,3
sqlite-main,poisoncap-temporal,134217728,268435455,0,1650411,1425261,0.0,86.35794356678427,3
sqlite-main,poisoncap-temporal,268435456,536870911,0,1650411,1425261,0.0,86.35794356678427,3
sqlite-main,poisoncap-temporal,536870912,1073741823,0,1650411,1425261,0.0,86.35794356678427,3
sqlite-main,poisoncap-temporal,1073741824,2147483647,0,1650411,1425261,0.0,86.35794356678427,3
sqlite-main,poisoncap-temporal,2147483648,4294967295,0,1650411,1425261,0.0,86.35794356678427,3
mruby-ao8,poisoncap-spatial,1,1,546,651210,633084,0.0008624447940557651,97.21656608467315,3
mruby-ao8,poisoncap-spatial,2,3,1092,651210,633084,0.0017248895881115302,97.21656608467315,3
mruby-ao8,poisoncap-spatial,4,7,2184,651210,633084,0.0034497791762230605,97.21656608467315,3
mruby-ao8,poisoncap-spatial,8,15,4350,651210,633084,0.006871126106488238,97.21656608467315,3
mruby-ao8,poisoncap-spatial,16,31,8688,651210,633084,0.01372329738233789,97.21656608467315,3
mruby-ao8,poisoncap-spatial,32,63,17376,651210,633084,0.02744659476467578,97.21656608467315,3
mruby-ao8,poisoncap-spatial,64,127,34587,651210,633084,0.054632560608070965,97.21656608467315,3
mruby-ao8,poisoncap-spatial,128,255,68868,651210,633084,0.10878177303485793,97.21656608467315,3
mruby-ao8,poisoncap-spatial,256,511,136425,651210,633084,0.2154927308224501,97.21656608467315,3
mruby-ao8,poisoncap-spatial,512,1023,216786,651210,633084,0.3424284929014159,97.21656608467315,3
mruby-ao8,poisoncap-spatial,1024,2047,124359,651210,633084,0.19643364861534962,97.21656608467315,3
mruby-ao8,poisoncap-spatial,2048,4095,600,651210,633084,0.0009477415319294122,97.21656608467315,3
mruby-ao8,poisoncap-spatial,4096,8191,1200,651210,633084,0.0018954830638588244,97.21656608467315,3
mruby-ao8,poisoncap-spatial,8192,16383,1200,651210,633084,0.0018954830638588244,97.21656608467315,3
mruby-ao8,poisoncap-spatial,16384,32767,3600,651210,633084,0.005686449191576473,97.21656608467315,3
mruby-ao8,poisoncap-spatial,32768,65535,4800,651210,633084,0.0075819322554352975,97.21656608467315,3
mruby-ao8,poisoncap-spatial,65536,131071,6423,651210,633084,0.010145573099304358,97.21656608467315,3
mruby-ao8,poisoncap-spatial,131072,262143,0,651210,633084,0.0,97.21656608467315,3
mruby-ao8,poisoncap-spatial,262144,524287,0,651210,633084,0.0,97.21656608467315,3
mruby-ao8,poisoncap-spatial,524288,1048575,0,651210,633084,0.0,97.21656608467315,3
mruby-ao8,poisoncap-spatial,1048576,2097151,0,651210,633084,0.0,97.21656608467315,3
mruby-ao8,poisoncap-spatial,2097152,4194303,0,651210,633084,0.0,97.21656608467315,3
mruby-ao8,poisoncap-spatial,4194304,8388607,0,651210,633084,0.0,97.21656608467315,3
mruby-ao8,poisoncap-spatial,8388608,16777215,0,651210,633084,0.0,97.21656608467315,3
mruby-ao8,poisoncap-spatial,16777216,33554431,0,651210,633084,0.0,97.21656608467315,3
mruby-ao8,poisoncap-spatial,33554432,67108863,0,651210,633084,0.0,97.21656608467315,3
mruby-ao8,poisoncap-spatial,67108864,134217727,0,651210,633084,0.0,97.21656608467315,3
mruby-ao8,poisoncap-spatial,134217728,268435455,0,651210,633084,0.0,97.21656608467315,3
mruby-ao8,poisoncap-spatial,268435456,536870911,0,651210,633084,0.0,97.21656608467315,3
mruby-ao8,poisoncap-spatial,536870912,1073741823,0,651210,633084,0.0,97.21656608467315,3
mruby-ao8,poisoncap-spatial,1073741824,2147483647,0,651210,633084,0.0,97.21656608467315,3
mruby-ao8,poisoncap-spatial,2147483648,4294967295,0,651210,633084,0.0,97.21656608467315,3
mruby-ao8,poisoncap-temporal,1,1,3,651210,622413,4.819950740103436e-06,95.57792417192611,3
mruby-ao8,poisoncap-temporal,2,3,6,651210,622413,9.639901480206873e-06,95.57792417192611,3
mruby-ao8,poisoncap-temporal,4,7,12,651210,622413,1.9279802960413745e-05,95.57792417192611,3
mruby-ao8,poisoncap-temporal,8,15,24,651210,622413,3.855960592082749e-05,95.57792417192611,3
mruby-ao8,poisoncap-temporal,16,31,48,651210,622413,7.711921184165498e-05,95.57792417192611,3
mruby-ao8,poisoncap-temporal,32,63,96,651210,622413,0.00015423842368330996,95.57792417192611,3
mruby-ao8,poisoncap-temporal,64,127,192,651210,622413,0.0003084768473666199,95.57792417192611,3
mruby-ao8,poisoncap-temporal,128,255,384,651210,622413,0.0006169536947332398,95.57792417192611,3
mruby-ao8,poisoncap-temporal,256,511,768,651210,622413,0.0012339073894664797,95.57792417192611,3
mruby-ao8,poisoncap-temporal,512,1023,2193,651210,622413,0.0035233839910156117,95.57792417192611,3
mruby-ao8,poisoncap-temporal,1024,2047,26685,651210,622413,0.042873461833220064,95.57792417192611,3
mruby-ao8,poisoncap-temporal,2048,4095,340086,651210,622413,0.5463992557996057,95.57792417192611,3
mruby-ao8,poisoncap-temporal,4096,8191,210996,651210,622413,0.33899677545295487,95.57792417192611,3
mruby-ao8,poisoncap-temporal,8192,16383,29244,651210,622413,0.04698487981452829,95.57792417192611,3
mruby-ao8,poisoncap-temporal,16384,32767,1644,651210,622413,0.002641333005576683,95.57792417192611,3
mruby-ao8,poisoncap-temporal,32768,65535,2823,651210,622413,0.0045355736464373336,95.57792417192611,3
mruby-ao8,poisoncap-temporal,65536,131071,7209,651210,622413,0.011582341628468558,95.57792417192611,3
mruby-ao8,poisoncap-temporal,131072,262143,0,651210,622413,0.0,95.57792417192611,3
mruby-ao8,poisoncap-temporal,262144,524287,0,651210,622413,0.0,95.57792417192611,3
mruby-ao8,poisoncap-temporal,524288,1048575,0,651210,622413,0.0,95.57792417192611,3
mruby-ao8,poisoncap-temporal,1048576,2097151,0,651210,622413,0.0,95.57792417192611,3
mruby-ao8,poisoncap-temporal,2097152,4194303,0,651210,622413,0.0,95.57792417192611,3
mruby-ao8,poisoncap-temporal,4194304,8388607,0,651210,622413,0.0,95.57792417192611,3
mruby-ao8,poisoncap-temporal,8388608,16777215,0,651210,622413,0.0,95.57792417192611,3
mruby-ao8,poisoncap-temporal,16777216,33554431,0,651210,622413,0.0,95.57792417192611,3
mruby-ao8,poisoncap-temporal,33554432,67108863,0,651210,622413,0.0,95.57792417192611,3
mruby-ao8,poisoncap-temporal,67108864,134217727,0,651210,622413,0.0,95.57792417192611,3
mruby-ao8,poisoncap-temporal,134217728,268435455,0,651210,622413,0.0,95.57792417192611,3
mruby-ao8,poisoncap-temporal,268435456,536870911,0,651210,622413,0.0,95.57792417192611,3
mruby-ao8,poisoncap-temporal,536870912,1073741823,0,651210,622413,0.0,95.57792417192611,3
mruby-ao8,poisoncap-temporal,1073741824,2147483647,0,651210,622413,0.0,95.57792417192611,3
mruby-ao8,poisoncap-temporal,2147483648,4294967295,0,651210,622413,0.0,95.57792417192611,3
mruby-ao16,poisoncap-spatial,1,1,2244,2747943,2729838,0.000822026801590424,99.34114353900354,3
mruby-ao16,poisoncap-spatial,2,3,4488,2747943,2729838,0.001644053603180848,99.34114353900354,3
mruby-ao16,poisoncap-spatial,4,7,8976,2747943,2729838,0.003288107206361696,99.34114353900354,3
mruby-ao16,poisoncap-spatial,8,15,17940,2747943,2729838,0.006571818547474246,99.34114353900354,3
mruby-ao16,poisoncap-spatial,16,31,35685,2747943,2729838,0.013072204284649858,99.34114353900354,3
mruby-ao16,poisoncap-spatial,32,63,71145,2747943,2729838,0.026061986095878217,99.34114353900354,3
mruby-ao16,poisoncap-spatial,64,127,142299,2747943,2729838,0.0521272690906933,99.34114353900354,3
mruby-ao16,poisoncap-spatial,128,255,284292,2747943,2729838,0.10414244361753335,99.34114353900354,3
mruby-ao16,poisoncap-spatial,256,511,567060,2747943,2729838,0.20772661234842507,99.34114353900354,3
mruby-ao16,poisoncap-spatial,512,1023,941673,2747943,2729838,0.344955634729973,99.34114353900354,3
mruby-ao16,poisoncap-spatial,1024,2047,546963,2747943,2729838,0.20036463702241672,99.34114353900354,3
mruby-ao16,poisoncap-spatial,2048,4095,3000,2747943,2729838,0.0010989663122866632,99.34114353900354,3
mruby-ao16,poisoncap-spatial,4096,8191,2400,2747943,2729838,0.0008791730498293306,99.34114353900354,3
mruby-ao16,poisoncap-spatial,8192,16383,6600,2747943,2729838,0.002417725887030659,99.34114353900354,3
mruby-ao16,poisoncap-spatial,16384,32767,14055,2747943,2729838,0.005148657173063017,99.34114353900354,3
mruby-ao16,poisoncap-spatial,32768,65535,22545,2747943,2729838,0.008258731836834274,99.34114353900354,3
mruby-ao16,poisoncap-spatial,65536,131071,58443,2747943,2729838,0.021408962729656485,99.34114353900354,3
mruby-ao16,poisoncap-spatial,131072,262143,24,2747943,2729838,8.791730498293306e-06,99.34114353900354,3
mruby-ao16,poisoncap-spatial,262144,524287,6,2747943,2729838,2.1979326245733265e-06,99.34114353900354,3
mruby-ao16,poisoncap-spatial,524288,1048575,0,2747943,2729838,0.0,99.34114353900354,3
mruby-ao16,poisoncap-spatial,1048576,2097151,0,2747943,2729838,0.0,99.34114353900354,3
mruby-ao16,poisoncap-spatial,2097152,4194303,0,2747943,2729838,0.0,99.34114353900354,3
mruby-ao16,poisoncap-spatial,4194304,8388607,0,2747943,2729838,0.0,99.34114353900354,3
mruby-ao16,poisoncap-spatial,8388608,16777215,0,2747943,2729838,0.0,99.34114353900354,3
mruby-ao16,poisoncap-spatial,16777216,33554431,0,2747943,2729838,0.0,99.34114353900354,3
mruby-ao16,poisoncap-spatial,33554432,67108863,0,2747943,2729838,0.0,99.34114353900354,3
mruby-ao16,poisoncap-spatial,67108864,134217727,0,2747943,2729838,0.0,99.34114353900354,3
mruby-ao16,poisoncap-spatial,134217728,268435455,0,2747943,2729838,0.0,99.34114353900354,3
mruby-ao16,poisoncap-spatial,268435456,536870911,0,2747943,2729838,0.0,99.34114353900354,3
mruby-ao16,poisoncap-spatial,536870912,1073741823,0,2747943,2729838,0.0,99.34114353900354,3
mruby-ao16,poisoncap-spatial,1073741824,2147483647,0,2747943,2729838,0.0,99.34114353900354,3
mruby-ao16,poisoncap-spatial,2147483648,4294967295,0,2747943,2729838,0.0,99.34114353900354,3
mruby-ao16,poisoncap-temporal,1,1,9,2747943,2714643,3.3153530685250326e-06,98.78818447107527,3
mruby-ao16,poisoncap-temporal,2,3,42,2747943,2714643,1.5471647653116817e-05,98.78818447107527,3
mruby-ao16,poisoncap-temporal,4,7,84,2747943,2714643,3.0943295306233634e-05,98.78818447107527,3
mruby-ao16,poisoncap-temporal,8,15,168,2747943,2714643,6.188659061246727e-05,98.78818447107527,3
mruby-ao16,poisoncap-temporal,16,31,336,2747943,2714643,0.00012377318122493454,98.78818447107527,3
mruby-ao16,poisoncap-temporal,32,63,672,2747943,2714643,0.00024754636244986907,98.78818447107527,3
mruby-ao16,poisoncap-temporal,64,127,1164,2747943,2714643,0.00042878566352923757,98.78818447107527,3
mruby-ao16,poisoncap-temporal,128,255,2301,2747943,2714643,0.0008476252678529,98.78818447107527,3
mruby-ao16,poisoncap-temporal,256,511,2565,2747943,2714643,0.0009448756245296342,98.78818447107527,3
mruby-ao16,poisoncap-temporal,512,1023,1776,2747943,2714643,0.0006542296721889398,98.78818447107527,3
mruby-ao16,poisoncap-temporal,1024,2047,101901,2747943,2714643,0.03753753255952993,98.78818447107527,3
mruby-ao16,poisoncap-temporal,2048,4095,1567242,2747943,2714643,0.5773289526468122,98.78818447107527,3
mruby-ao16,poisoncap-temporal,4096,8191,827001,2747943,2714643,0.3046444781136967,98.78818447107527,3
mruby-ao16,poisoncap-temporal,8192,16383,105639,2747943,2714643,0.038914509200657324,98.78818447107527,3
mruby-ao16,poisoncap-temporal,16384,32767,14832,2747943,2714643,0.005463701856929254,98.78818447107527,3
mruby-ao16,poisoncap-temporal,32768,65535,23682,2747943,2714643,0.008723799040978869,98.78818447107527,3
mruby-ao16,poisoncap-temporal,65536,131071,62577,2747943,2714643,0.02305164988545455,98.78818447107527,3
mruby-ao16,poisoncap-temporal,131072,262143,2652,2747943,2714643,0.0009769240375253764,98.78818447107527,3
mruby-ao16,poisoncap-temporal,262144,524287,0,2747943,2714643,0.0,98.78818447107527,3
mruby-ao16,poisoncap-temporal,524288,1048575,0,2747943,2714643,0.0,98.78818447107527,3
mruby-ao16,poisoncap-temporal,1048576,2097151,0,2747943,2714643,0.0,98.78818447107527,3
mruby-ao16,poisoncap-temporal,2097152,4194303,0,2747943,2714643,0.0,98.78818447107527,3
mruby-ao16,poisoncap-temporal,4194304,8388607,0,2747943,2714643,0.0,98.78818447107527,3
mruby-ao16,poisoncap-temporal,8388608,16777215,0,2747943,2714643,0.0,98.78818447107527,3
mruby-ao16,poisoncap-temporal,16777216,33554431,0,2747943,2714643,0.0,98.78818447107527,3
mruby-ao16,poisoncap-temporal,33554432,67108863,0,2747943,2714643,0.0,98.78818447107527,3
mruby-ao16,poisoncap-temporal,67108864,134217727,0,2747943,2714643,0.0,98.78818447107527,3
mruby-ao16,poisoncap-temporal,134217728,268435455,0,2747943,2714643,0.0,98.78818447107527,3
mruby-ao16,poisoncap-temporal,268435456,536870911,0,2747943,2714643,0.0,98.78818447107527,3
mruby-ao16,poisoncap-temporal,536870912,1073741823,0,2747943,2714643,0.0,98.78818447107527,3
mruby-ao16,poisoncap-temporal,1073741824,2147483647,0,2747943,2714643,0.0,98.78818447107527,3
mruby-ao16,poisoncap-temporal,2147483648,4294967295,0,2747943,2714643,0.0,98.78818447107527,3
ffmpeg-xvid,poisoncap-spatial,1,1,54,759,630,0.08571428571428572,83.00395256916995,3
ffmpeg-xvid,poisoncap-spatial,2,3,108,759,630,0.17142857142857143,83.00395256916995,3
ffmpeg-xvid,poisoncap-spatial,4,7,213,759,630,0.3380952380952381,83.00395256916995,3
ffmpeg-xvid,poisoncap-spatial,8,15,255,759,630,0.40476190476190477,83.00395256916995,3
ffmpeg-xvid,poisoncap-spatial,16,31,0,759,630,0.0,83.00395256916995,3
ffmpeg-xvid,poisoncap-spatial,32,63,0,759,630,0.0,83.00395256916995,3
ffmpeg-xvid,poisoncap-spatial,64,127,0,759,630,0.0,83.00395256916995,3
ffmpeg-xvid,poisoncap-spatial,128,255,0,759,630,0.0,83.00395256916995,3
ffmpeg-xvid,poisoncap-spatial,256,511,0,759,630,0.0,83.00395256916995,3
ffmpeg-xvid,poisoncap-spatial,512,1023,0,759,630,0.0,83.00395256916995,3
ffmpeg-xvid,poisoncap-spatial,1024,2047,0,759,630,0.0,83.00395256916995,3
ffmpeg-xvid,poisoncap-spatial,2048,4095,0,759,630,0.0,83.00395256916995,3
ffmpeg-xvid,poisoncap-spatial,4096,8191,0,759,630,0.0,83.00395256916995,3
ffmpeg-xvid,poisoncap-spatial,8192,16383,0,759,630,0.0,83.00395256916995,3
ffmpeg-xvid,poisoncap-spatial,16384,32767,0,759,630,0.0,83.00395256916995,3
ffmpeg-xvid,poisoncap-spatial,32768,65535,0,759,630,0.0,83.00395256916995,3
ffmpeg-xvid,poisoncap-spatial,65536,131071,0,759,630,0.0,83.00395256916995,3
ffmpeg-xvid,poisoncap-spatial,131072,262143,0,759,630,0.0,83.00395256916995,3
ffmpeg-xvid,poisoncap-spatial,262144,524287,0,759,630,0.0,83.00395256916995,3
ffmpeg-xvid,poisoncap-spatial,524288,1048575,0,759,630,0.0,83.00395256916995,3
ffmpeg-xvid,poisoncap-spatial,1048576,2097151,0,759,630,0.0,83.00395256916995,3
ffmpeg-xvid,poisoncap-spatial,2097152,4194303,0,759,630,0.0,83.00395256916995,3
ffmpeg-xvid,poisoncap-spatial,4194304,8388607,0,759,630,0.0,83.00395256916995,3
ffmpeg-xvid,poisoncap-spatial,8388608,16777215,0,759,630,0.0,83.00395256916995,3
ffmpeg-xvid,poisoncap-spatial,16777216,33554431,0,759,630,0.0,83.00395256916995,3
ffmpeg-xvid,poisoncap-spatial,33554432,67108863,0,759,630,0.0,83.00395256916995,3
ffmpeg-xvid,poisoncap-spatial,67108864,134217727,0,759,630,0.0,83.00395256916995,3
ffmpeg-xvid,poisoncap-spatial,134217728,268435455,0,759,630,0.0,83.00395256916995,3
ffmpeg-xvid,poisoncap-spatial,268435456,536870911,0,759,630,0.0,83.00395256916995,3
ffmpeg-xvid,poisoncap-spatial,536870912,1073741823,0,759,630,0.0,83.00395256916995,3
ffmpeg-xvid,poisoncap-spatial,1073741824,2147483647,0,759,630,0.0,83.00395256916995,3
ffmpeg-xvid,poisoncap-spatial,2147483648,4294967295,0,759,630,0.0,83.00395256916995,3
ffmpeg-xvid,poisoncap-temporal,1,1,0,759,0,,0.0,3
ffmpeg-xvid,poisoncap-temporal,2,3,0,759,0,,0.0,3
ffmpeg-xvid,poisoncap-temporal,4,7,0,759,0,,0.0,3
ffmpeg-xvid,poisoncap-temporal,8,15,0,759,0,,0.0,3
ffmpeg-xvid,poisoncap-temporal,16,31,0,759,0,,0.0,3
ffmpeg-xvid,poisoncap-temporal,32,63,0,759,0,,0.0,3
ffmpeg-xvid,poisoncap-temporal,64,127,0,759,0,,0.0,3
ffmpeg-xvid,poisoncap-temporal,128,255,0,759,0,,0.0,3
ffmpeg-xvid,poisoncap-temporal,256,511,0,759,0,,0.0,3
ffmpeg-xvid,poisoncap-temporal,512,1023,0,759,0,,0.0,3
ffmpeg-xvid,poisoncap-temporal,1024,2047,0,759,0,,0.0,3
ffmpeg-xvid,poisoncap-temporal,2048,4095,0,759,0,,0.0,3
ffmpeg-xvid,poisoncap-temporal,4096,8191,0,759,0,,0.0,3
ffmpeg-xvid,poisoncap-temporal,8192,16383,0,759,0,,0.0,3
ffmpeg-xvid,poisoncap-temporal,16384,32767,0,759,0,,0.0,3
ffmpeg-xvid,poisoncap-temporal,32768,65535,0,759,0,,0.0,3
ffmpeg-xvid,poisoncap-temporal,65536,131071,0,759,0,,0.0,3
ffmpeg-xvid,poisoncap-temporal,131072,262143,0,759,0,,0.0,3
ffmpeg-xvid,poisoncap-temporal,262144,524287,0,759,0,,0.0,3
ffmpeg-xvid,poisoncap-temporal,524288,1048575,0,759,0,,0.0,3
ffmpeg-xvid,poisoncap-temporal,1048576,2097151,0,759,0,,0.0,3
ffmpeg-xvid,poisoncap-temporal,2097152,4194303,0,759,0,,0.0,3
ffmpeg-xvid,poisoncap-temporal,4194304,8388607,0,759,0,,0.0,3
ffmpeg-xvid,poisoncap-temporal,8388608,16777215,0,759,0,,0.0,3
ffmpeg-xvid,poisoncap-temporal,16777216,33554431,0,759,0,,0.0,3
ffmpeg-xvid,poisoncap-temporal,33554432,67108863,0,759,0,,0.0,3
ffmpeg-xvid,poisoncap-temporal,67108864,134217727,0,759,0,,0.0,3
ffmpeg-xvid,poisoncap-temporal,134217728,268435455,0,759,0,,0.0,3
ffmpeg-xvid,poisoncap-temporal,268435456,536870911,0,759,0,,0.0,3
ffmpeg-xvid,poisoncap-temporal,536870912,1073741823,0,759,0,,0.0,3
ffmpeg-xvid,poisoncap-temporal,1073741824,2147483647,0,759,0,,0.0,3
ffmpeg-xvid,poisoncap-temporal,2147483648,4294967295,0,759,0,,0.0,3
ffmpeg-resize,poisoncap-spatial,1,1,432,5475,5172,0.08352668213457076,94.46575342465754,3
ffmpeg-resize,poisoncap-spatial,2,3,864,5475,5172,0.16705336426914152,94.46575342465754,3
ffmpeg-resize,poisoncap-spatial,4,7,1719,5475,5172,0.3323665893271462,94.46575342465754,3
ffmpeg-resize,poisoncap-spatial,8,15,2124,5475,5172,0.41067285382830626,94.46575342465754,3
ffmpeg-resize,poisoncap-spatial,16,31,21,5475,5172,0.004060324825986079,94.46575342465754,3
ffmpeg-resize,poisoncap-spatial,32,63,9,5475,5172,0.0017401392111368909,94.46575342465754,3
ffmpeg-resize,poisoncap-spatial,64,127,0,5475,5172,0.0,94.46575342465754,3
ffmpeg-resize,poisoncap-spatial,128,255,0,5475,5172,0.0,94.46575342465754,3
ffmpeg-resize,poisoncap-spatial,256,511,0,5475,5172,0.0,94.46575342465754,3
ffmpeg-resize,poisoncap-spatial,512,1023,3,5475,5172,0.000580046403712297,94.46575342465754,3
ffmpeg-resize,poisoncap-spatial,1024,2047,0,5475,5172,0.0,94.46575342465754,3
ffmpeg-resize,poisoncap-spatial,2048,4095,0,5475,5172,0.0,94.46575342465754,3
ffmpeg-resize,poisoncap-spatial,4096,8191,0,5475,5172,0.0,94.46575342465754,3
ffmpeg-resize,poisoncap-spatial,8192,16383,0,5475,5172,0.0,94.46575342465754,3
ffmpeg-resize,poisoncap-spatial,16384,32767,0,5475,5172,0.0,94.46575342465754,3
ffmpeg-resize,poisoncap-spatial,32768,65535,0,5475,5172,0.0,94.46575342465754,3
ffmpeg-resize,poisoncap-spatial,65536,131071,0,5475,5172,0.0,94.46575342465754,3
ffmpeg-resize,poisoncap-spatial,131072,262143,0,5475,5172,0.0,94.46575342465754,3
ffmpeg-resize,poisoncap-spatial,262144,524287,0,5475,5172,0.0,94.46575342465754,3
ffmpeg-resize,poisoncap-spatial,524288,1048575,0,5475,5172,0.0,94.46575342465754,3
ffmpeg-resize,poisoncap-spatial,1048576,2097151,0,5475,5172,0.0,94.46575342465754,3
ffmpeg-resize,poisoncap-spatial,2097152,4194303,0,5475,5172,0.0,94.46575342465754,3
ffmpeg-resize,poisoncap-spatial,4194304,8388607,0,5475,5172,0.0,94.46575342465754,3
ffmpeg-resize,poisoncap-spatial,8388608,16777215,0,5475,5172,0.0,94.46575342465754,3
ffmpeg-resize,poisoncap-spatial,16777216,33554431,0,5475,5172,0.0,94.46575342465754,3
ffmpeg-resize,poisoncap-spatial,33554432,67108863,0,5475,5172,0.0,94.46575342465754,3
ffmpeg-resize,poisoncap-spatial,67108864,134217727,0,5475,5172,0.0,94.46575342465754,3
ffmpeg-resize,poisoncap-spatial,134217728,268435455,0,5475,5172,0.0,94.46575342465754,3
ffmpeg-resize,poisoncap-spatial,268435456,536870911,0,5475,5172,0.0,94.46575342465754,3
ffmpeg-resize,poisoncap-spatial,536870912,1073741823,0,5475,5172,0.0,94.46575342465754,3
ffmpeg-resize,poisoncap-spatial,1073741824,2147483647,0,5475,5172,0.0,94.46575342465754,3
ffmpeg-resize,poisoncap-spatial,2147483648,4294967295,0,5475,5172,0.0,94.46575342465754,3
ffmpeg-resize,poisoncap-temporal,1,1,3,5475,1530,0.00196078431372549,27.945205479452056,3
ffmpeg-resize,poisoncap-temporal,2,3,15,5475,1530,0.00980392156862745,27.945205479452056,3
ffmpeg-resize,poisoncap-temporal,4,7,9,5475,1530,0.0058823529411764705,27.945205479452056,3
ffmpeg-resize,poisoncap-temporal,8,15,18,5475,1530,0.011764705882352941,27.945205479452056,3
ffmpeg-resize,poisoncap-temporal,16,31,87,5475,1530,0.056862745098039215,27.945205479452056,3
ffmpeg-resize,poisoncap-temporal,32,63,114,5475,1530,0.07450980392156863,27.945205479452056,3
ffmpeg-resize,poisoncap-temporal,64,127,222,5475,1530,0.1450980392156863,27.945205479452056,3
ffmpeg-resize,poisoncap-temporal,128,255,276,5475,1530,0.1803921568627451,27.945205479452056,3
ffmpeg-resize,poisoncap-temporal,256,511,573,5475,1530,0.37450980392156863,27.945205479452056,3
ffmpeg-resize,poisoncap-temporal,512,1023,210,5475,1530,0.13725490196078433,27.945205479452056,3
ffmpeg-resize,poisoncap-temporal,1024,2047,3,5475,1530,0.00196078431372549,27.945205479452056,3
ffmpeg-resize,poisoncap-temporal,2048,4095,0,5475,1530,0.0,27.945205479452056,3
ffmpeg-resize,poisoncap-temporal,4096,8191,0,5475,1530,0.0,27.945205479452056,3
ffmpeg-resize,poisoncap-temporal,8192,16383,0,5475,1530,0.0,27.945205479452056,3
ffmpeg-resize,poisoncap-temporal,16384,32767,0,5475,1530,0.0,27.945205479452056,3
ffmpeg-resize,poisoncap-temporal,32768,65535,0,5475,1530,0.0,27.945205479452056,3
ffmpeg-resize,poisoncap-temporal,65536,131071,0,5475,1530,0.0,27.945205479452056,3
ffmpeg-resize,poisoncap-temporal,131072,262143,0,5475,1530,0.0,27.945205479452056,3
ffmpeg-resize,poisoncap-temporal,262144,524287,0,5475,1530,0.0,27.945205479452056,3
ffmpeg-resize,poisoncap-temporal,524288,1048575,0,5475,1530,0.0,27.945205479452056,3
ffmpeg-resize,poisoncap-temporal,1048576,2097151,0,5475,1530,0.0,27.945205479452056,3
ffmpeg-resize,poisoncap-temporal,2097152,4194303,0,5475,1530,0.0,27.945205479452056,3
ffmpeg-resize,poisoncap-temporal,4194304,8388607,0,5475,1530,0.0,27.945205479452056,3
ffmpeg-resize,poisoncap-temporal,8388608,16777215,0,5475,1530,0.0,27.945205479452056,3
ffmpeg-resize,poisoncap-temporal,16777216,33554431,0,5475,1530,0.0,27.945205479452056,3
ffmpeg-resize,poisoncap-temporal,33554432,67108863,0,5475,1530,0.0,27.945205479452056,3
ffmpeg-resize,poisoncap-temporal,67108864,134217727,0,5475,1530,0.0,27.945205479452056,3
ffmpeg-resize,poisoncap-temporal,134217728,268435455,0,5475,1530,0.0,27.945205479452056,3
ffmpeg-resize,poisoncap-temporal,268435456,536870911,0,5475,1530,0.0,27.945205479452056,3
ffmpeg-resize,poisoncap-temporal,536870912,1073741823,0,5475,1530,0.0,27.945205479452056,3
ffmpeg-resize,poisoncap-temporal,1073741824,2147483647,0,5475,1530,0.0,27.945205479452056,3
ffmpeg-resize,poisoncap-temporal,2147483648,4294967295,0,5475,1530,0.0,27.945205479452056,3
postgres-work,poisoncap-spatial,1,1,41319,162012,134922,0.3062436074176191,83.27901636915784,3
postgres-work,poisoncap-spatial,2,3,17877,162012,134922,0.1324987770711967,83.27901636915784,3
postgres-work,poisoncap-spatial,4,7,20967,162012,134922,0.1554008982967937,83.27901636915784,3
postgres-work,poisoncap-spatial,8,15,40131,162012,134922,0.2974385200337973,83.27901636915784,3
postgres-work,poisoncap-spatial,16,31,5604,162012,134922,0.04153510917418953,83.27901636915784,3
postgres-work,poisoncap-spatial,32,63,3270,162012,134922,0.024236225374660914,83.27901636915784,3
postgres-work,poisoncap-spatial,64,127,1041,162012,134922,0.007715568995419576,83.27901636915784,3
postgres-work,poisoncap-spatial,128,255,900,162012,134922,0.006670520745319518,83.27901636915784,3
postgres-work,poisoncap-spatial,256,511,639,162012,134922,0.004736069729176858,83.27901636915784,3
postgres-work,poisoncap-spatial,512,1023,366,162012,134922,0.0027126784364299374,83.27901636915784,3
postgres-work,poisoncap-spatial,1024,2047,1089,162012,134922,0.008071330101836617,83.27901636915784,3
postgres-work,poisoncap-spatial,2048,4095,669,162012,134922,0.004958420420687508,83.27901636915784,3
postgres-work,poisoncap-spatial,4096,8191,657,162012,134922,0.004869480144083248,83.27901636915784,3
postgres-work,poisoncap-spatial,8192,16383,177,162012,134922,0.0013118690799128385,83.27901636915784,3
postgres-work,poisoncap-spatial,16384,32767,81,162012,134922,0.0006003468670787566,83.27901636915784,3
postgres-work,poisoncap-spatial,32768,65535,135,162012,134922,0.0010005781117979277,83.27901636915784,3
postgres-work,poisoncap-spatial,65536,131071,0,162012,134922,0.0,83.27901636915784,3
postgres-work,poisoncap-spatial,131072,262143,0,162012,134922,0.0,83.27901636915784,3
postgres-work,poisoncap-spatial,262144,524287,0,162012,134922,0.0,83.27901636915784,3
postgres-work,poisoncap-spatial,524288,1048575,0,162012,134922,0.0,83.27901636915784,3
postgres-work,poisoncap-spatial,1048576,2097151,0,162012,134922,0.0,83.27901636915784,3
postgres-work,poisoncap-spatial,2097152,4194303,0,162012,134922,0.0,83.27901636915784,3
postgres-work,poisoncap-spatial,4194304,8388607,0,162012,134922,0.0,83.27901636915784,3
postgres-work,poisoncap-spatial,8388608,16777215,0,162012,134922,0.0,83.27901636915784,3
postgres-work,poisoncap-spatial,16777216,33554431,0,162012,134922,0.0,83.27901636915784,3
postgres-work,poisoncap-spatial,33554432,67108863,0,162012,134922,0.0,83.27901636915784,3
postgres-work,poisoncap-spatial,67108864,134217727,0,162012,134922,0.0,83.27901636915784,3
postgres-work,poisoncap-spatial,134217728,268435455,0,162012,134922,0.0,83.27901636915784,3
postgres-work,poisoncap-spatial,268435456,536870911,0,162012,134922,0.0,83.27901636915784,3
postgres-work,poisoncap-spatial,536870912,1073741823,0,162012,134922,0.0,83.27901636915784,3
postgres-work,poisoncap-spatial,1073741824,2147483647,0,162012,134922,0.0,83.27901636915784,3
postgres-work,poisoncap-spatial,2147483648,4294967295,0,162012,134922,0.0,83.27901636915784,3
postgres-work,poisoncap-temporal,1,1,1,162103,58727,1.702794285422378e-05,36.22820058851471,3
postgres-work,poisoncap-temporal,2,3,2,162103,58727,3.405588570844756e-05,36.22820058851471,3
postgres-work,poisoncap-temporal,4,7,5,162103,58727,8.513971427111891e-05,36.22820058851471,3
postgres-work,poisoncap-temporal,8,15,53,162103,58727,0.0009024809712738604,36.22820058851471,3
postgres-work,poisoncap-temporal,16,31,41,162103,58727,0.0006981456570231751,36.22820058851471,3
postgres-work,poisoncap-temporal,32,63,115,162103,58727,0.001958213428235735,36.22820058851471,3
postgres-work,poisoncap-temporal,64,127,210,162103,58727,0.003575867999386994,36.22820058851471,3
postgres-work,poisoncap-temporal,128,255,478,162103,58727,0.008139356684318968,36.22820058851471,3
postgres-work,poisoncap-temporal,256,511,861,162103,58727,0.014661058797486675,36.22820058851471,3
postgres-work,poisoncap-temporal,512,1023,1806,162103,58727,0.030752464794728148,36.22820058851471,3
postgres-work,poisoncap-temporal,1024,2047,3468,162103,58727,0.059052905818448076,36.22820058851471,3
postgres-work,poisoncap-temporal,2048,4095,4398,162103,58727,0.07488889267287618,36.22820058851471,3
postgres-work,poisoncap-temporal,4096,8191,6824,162103,58727,0.11619868203722308,36.22820058851471,3
postgres-work,poisoncap-temporal,8192,16383,37840,162103,58727,0.6443373576038279,36.22820058851471,3
postgres-work,poisoncap-temporal,16384,32767,1845,162103,58727,0.03141655456604288,36.22820058851471,3
postgres-work,poisoncap-temporal,32768,65535,780,162103,58727,0.013281795426294549,36.22820058851471,3
postgres-work,poisoncap-temporal,65536,131071,0,162103,58727,0.0,36.22820058851471,3
postgres-work,poisoncap-temporal,131072,262143,0,162103,58727,0.0,36.22820058851471,3
postgres-work,poisoncap-temporal,262144,524287,0,162103,58727,0.0,36.22820058851471,3
postgres-work,poisoncap-temporal,524288,1048575,0,162103,58727,0.0,36.22820058851471,3
postgres-work,poisoncap-temporal,1048576,2097151,0,162103,58727,0.0,36.22820058851471,3
postgres-work,poisoncap-temporal,2097152,4194303,0,162103,58727,0.0,36.22820058851471,3
postgres-work,poisoncap-temporal,4194304,8388607,0,162103,58727,0.0,36.22820058851471,3
postgres-work,poisoncap-temporal,8388608,16777215,0,162103,58727,0.0,36.22820058851471,3
postgres-work,poisoncap-temporal,16777216,33554431,0,162103,58727,0.0,36.22820058851471,3
postgres-work,poisoncap-temporal,33554432,67108863,0,162103,58727,0.0,36.22820058851471,3
postgres-work,poisoncap-temporal,67108864,134217727,0,162103,58727,0.0,36.22820058851471,3
postgres-work,poisoncap-temporal,134217728,268435455,0,162103,58727,0.0,36.22820058851471,3
postgres-work,poisoncap-temporal,268435456,536870911,0,162103,58727,0.0,36.22820058851471,3
postgres-work,poisoncap-temporal,536870912,1073741823,0,162103,58727,0.0,36.22820058851471,3
postgres-work,poisoncap-temporal,1073741824,2147483647,0,162103,58727,0.0,36.22820058851471,3
postgres-work,poisoncap-temporal,2147483648,4294967295,0,162103,58727,0.0,36.22820058851471,3
cpython-objects8,poisoncap-spatial,1,1,41241,240582,156693,0.2631961861729624,65.13080779110656,3
cpython-objects8,poisoncap-spatial,2,3,46176,240582,156693,0.29469089238191876,65.13080779110656,3
cpython-objects8,poisoncap-spatial,4,7,12357,240582,156693,0.07886121268978193,65.13080779110656,3
cpython-objects8,poisoncap-spatial,8,15,10785,240582,156693,0.06882885642626027,65.13080779110656,3
cpython-objects8,poisoncap-spatial,16,31,6516,240582,156693,0.0415844996266585,65.13080779110656,3
cpython-objects8,poisoncap-spatial,32,63,12321,240582,156693,0.07863146407306006,65.13080779110656,3
cpython-objects8,poisoncap-spatial,64,127,4797,240582,156693,0.030614003178189197,65.13080779110656,3
cpython-objects8,poisoncap-spatial,128,255,5658,240582,156693,0.036108824261453926,65.13080779110656,3
cpython-objects8,poisoncap-spatial,256,511,5832,240582,156693,0.037219275908942966,65.13080779110656,3
cpython-objects8,poisoncap-spatial,512,1023,5247,240582,156693,0.033485860887212573,65.13080779110656,3
cpython-objects8,poisoncap-spatial,1024,2047,3606,240582,156693,0.023013153108307326,65.13080779110656,3
cpython-objects8,poisoncap-spatial,2048,4095,1083,240582,156693,0.006911604219716261,65.13080779110656,3
cpython-objects8,poisoncap-spatial,4096,8191,441,240582,156693,0.0028144205548429092,65.13080779110656,3
cpython-objects8,poisoncap-spatial,8192,16383,303,240582,156693,0.0019337175240757404,65.13080779110656,3
cpython-objects8,poisoncap-spatial,16384,32767,279,240582,156693,0.0017805517795944938,65.13080779110656,3
cpython-objects8,poisoncap-spatial,32768,65535,51,240582,156693,0.00032547720702264936,65.13080779110656,3
cpython-objects8,poisoncap-spatial,65536,131071,0,240582,156693,0.0,65.13080779110656,3
cpython-objects8,poisoncap-spatial,131072,262143,0,240582,156693,0.0,65.13080779110656,3
cpython-objects8,poisoncap-spatial,262144,524287,0,240582,156693,0.0,65.13080779110656,3
cpython-objects8,poisoncap-spatial,524288,1048575,0,240582,156693,0.0,65.13080779110656,3
cpython-objects8,poisoncap-spatial,1048576,2097151,0,240582,156693,0.0,65.13080779110656,3
cpython-objects8,poisoncap-spatial,2097152,4194303,0,240582,156693,0.0,65.13080779110656,3
cpython-objects8,poisoncap-spatial,4194304,8388607,0,240582,156693,0.0,65.13080779110656,3
cpython-objects8,poisoncap-spatial,8388608,16777215,0,240582,156693,0.0,65.13080779110656,3
cpython-objects8,poisoncap-spatial,16777216,33554431,0,240582,156693,0.0,65.13080779110656,3
cpython-objects8,poisoncap-spatial,33554432,67108863,0,240582,156693,0.0,65.13080779110656,3
cpython-objects8,poisoncap-spatial,67108864,134217727,0,240582,156693,0.0,65.13080779110656,3
cpython-objects8,poisoncap-spatial,134217728,268435455,0,240582,156693,0.0,65.13080779110656,3
cpython-objects8,poisoncap-spatial,268435456,536870911,0,240582,156693,0.0,65.13080779110656,3
cpython-objects8,poisoncap-spatial,536870912,1073741823,0,240582,156693,0.0,65.13080779110656,3
cpython-objects8,poisoncap-spatial,1073741824,2147483647,0,240582,156693,0.0,65.13080779110656,3
cpython-objects8,poisoncap-spatial,2147483648,4294967295,0,240582,156693,0.0,65.13080779110656,3
cpython-objects8,poisoncap-temporal,1,1,15,240816,134304,0.00011168691922802001,55.77038070560096,3
cpython-objects8,poisoncap-temporal,2,3,24,240816,134304,0.00017869907076483203,55.77038070560096,3
cpython-objects8,poisoncap-temporal,4,7,45,240816,134304,0.00033506075768406006,55.77038070560096,3
cpython-objects8,poisoncap-temporal,8,15,75,240816,134304,0.0005584345961401001,55.77038070560096,3
cpython-objects8,poisoncap-temporal,16,31,183,240816,134304,0.001362580414581844,55.77038070560096,3
cpython-objects8,poisoncap-temporal,32,63,366,240816,134304,0.002725160829163688,55.77038070560096,3
cpython-objects8,poisoncap-temporal,64,127,630,240816,134304,0.00469085060757684,55.77038070560096,3
cpython-objects8,poisoncap-temporal,128,255,702,240816,134304,0.005226947819871337,55.77038070560096,3
cpython-objects8,poisoncap-temporal,256,511,1455,240816,134304,0.010833631165117942,55.77038070560096,3
cpython-objects8,poisoncap-temporal,512,1023,5187,240816,134304,0.03862133666904932,55.77038070560096,3
cpython-objects8,poisoncap-temporal,1024,2047,10053,240816,134304,0.07485257326661901,55.77038070560096,3
cpython-objects8,poisoncap-temporal,2048,4095,29154,240816,134304,0.2170746962115797,55.77038070560096,3
cpython-objects8,poisoncap-temporal,4096,8191,59076,240816,134304,0.439867762687634,55.77038070560096,3
cpython-objects8,poisoncap-temporal,8192,16383,14322,240816,134304,0.10663867047891351,55.77038070560096,3
cpython-objects8,poisoncap-temporal,16384,32767,5790,240816,134304,0.04311115082201573,55.77038070560096,3
cpython-objects8,poisoncap-temporal,32768,65535,7227,240816,134304,0.053810757684060045,55.77038070560096,3
cpython-objects8,poisoncap-temporal,65536,131071,0,240816,134304,0.0,55.77038070560096,3
cpython-objects8,poisoncap-temporal,131072,262143,0,240816,134304,0.0,55.77038070560096,3
cpython-objects8,poisoncap-temporal,262144,524287,0,240816,134304,0.0,55.77038070560096,3
cpython-objects8,poisoncap-temporal,524288,1048575,0,240816,134304,0.0,55.77038070560096,3
cpython-objects8,poisoncap-temporal,1048576,2097151,0,240816,134304,0.0,55.77038070560096,3
cpython-objects8,poisoncap-temporal,2097152,4194303,0,240816,134304,0.0,55.77038070560096,3
cpython-objects8,poisoncap-temporal,4194304,8388607,0,240816,134304,0.0,55.77038070560096,3
cpython-objects8,poisoncap-temporal,8388608,16777215,0,240816,134304,0.0,55.77038070560096,3
cpython-objects8,poisoncap-temporal,16777216,33554431,0,240816,134304,0.0,55.77038070560096,3
cpython-objects8,poisoncap-temporal,33554432,67108863,0,240816,134304,0.0,55.77038070560096,3
cpython-objects8,poisoncap-temporal,67108864,134217727,0,240816,134304,0.0,55.77038070560096,3
cpython-objects8,poisoncap-temporal,134217728,268435455,0,240816,134304,0.0,55.77038070560096,3
cpython-objects8,poisoncap-temporal,268435456,536870911,0,240816,134304,0.0,55.77038070560096,3
cpython-objects8,poisoncap-temporal,536870912,1073741823,0,240816,134304,0.0,55.77038070560096,3
cpython-objects8,poisoncap-temporal,1073741824,2147483647,0,240816,134304,0.0,55.77038070560096,3
cpython-objects8,poisoncap-temporal,2147483648,4294967295,0,240816,134304,0.0,55.77038070560096,3
perl-records512,poisoncap-spatial,1,1,21216,147576,94059,0.22556055241922623,63.735973328996586,3
perl-records512,poisoncap-spatial,2,3,37080,147576,94059,0.3942206487417472,63.735973328996586,3
perl-records512,poisoncap-spatial,4,7,9375,147576,94059,0.0996714827927152,63.735973328996586,3
perl-records512,poisoncap-spatial,8,15,108,147576,94059,0.0011482154817720792,63.735973328996586,3
perl-records512,poisoncap-spatial,16,31,180,147576,94059,0.001913692469620132,63.735973328996586,3
perl-records512,poisoncap-spatial,32,63,237,147576,94059,0.0025196950849998407,63.735973328996586,3
perl-records512,poisoncap-spatial,64,127,327,147576,94059,0.0034765413198099065,63.735973328996586,3
perl-records512,poisoncap-spatial,128,255,606,147576,94059,0.006442764647721111,63.735973328996586,3
perl-records512,poisoncap-spatial,256,511,1233,147576,94059,0.013108793416897904,63.735973328996586,3
perl-records512,poisoncap-spatial,512,1023,2385,147576,94059,0.02535642522246675,63.735973328996586,3
perl-records512,poisoncap-spatial,1024,2047,3264,147576,94059,0.03470162344911173,63.735973328996586,3
perl-records512,poisoncap-spatial,2048,4095,6558,147576,94059,0.06972219564316015,63.735973328996586,3
perl-records512,poisoncap-spatial,4096,8191,11490,147576,94059,0.12215736931075176,63.735973328996586,3
perl-records512,poisoncap-spatial,8192,16383,0,147576,94059,0.0,63.735973328996586,3
perl-records512,poisoncap-spatial,16384,32767,0,147576,94059,0.0,63.735973328996586,3
perl-records512,poisoncap-spatial,32768,65535,0,147576,94059,0.0,63.735973328996586,3
perl-records512,poisoncap-spatial,65536,131071,0,147576,94059,0.0,63.735973328996586,3
perl-records512,poisoncap-spatial,131072,262143,0,147576,94059,0.0,63.735973328996586,3
perl-records512,poisoncap-spatial,262144,524287,0,147576,94059,0.0,63.735973328996586,3
perl-records512,poisoncap-spatial,524288,1048575,0,147576,94059,0.0,63.735973328996586,3
perl-records512,poisoncap-spatial,1048576,2097151,0,147576,94059,0.0,63.735973328996586,3
perl-records512,poisoncap-spatial,2097152,4194303,0,147576,94059,0.0,63.735973328996586,3
perl-records512,poisoncap-spatial,4194304,8388607,0,147576,94059,0.0,63.735973328996586,3
perl-records512,poisoncap-spatial,8388608,16777215,0,147576,94059,0.0,63.735973328996586,3
perl-records512,poisoncap-spatial,16777216,33554431,0,147576,94059,0.0,63.735973328996586,3
perl-records512,poisoncap-spatial,33554432,67108863,0,147576,94059,0.0,63.735973328996586,3
perl-records512,poisoncap-spatial,67108864,134217727,0,147576,94059,0.0,63.735973328996586,3
perl-records512,poisoncap-spatial,134217728,268435455,0,147576,94059,0.0,63.735973328996586,3
perl-records512,poisoncap-spatial,268435456,536870911,0,147576,94059,0.0,63.735973328996586,3
perl-records512,poisoncap-spatial,536870912,1073741823,0,147576,94059,0.0,63.735973328996586,3
perl-records512,poisoncap-spatial,1073741824,2147483647,0,147576,94059,0.0,63.735973328996586,3
perl-records512,poisoncap-spatial,2147483648,4294967295,0,147576,94059,0.0,63.735973328996586,3
perl-records512,poisoncap-temporal,1,1,18,147576,84519,0.00021296986476413587,57.27150756220524,3
perl-records512,poisoncap-temporal,2,3,27,147576,84519,0.0003194547971462038,57.27150756220524,3
perl-records512,poisoncap-temporal,4,7,54,147576,84519,0.0006389095942924076,57.27150756220524,3
perl-records512,poisoncap-temporal,8,15,69,147576,84519,0.0008163844815958542,57.27150756220524,3
perl-records512,poisoncap-temporal,16,31,186,147576,84519,0.0022006886025627372,57.27150756220524,3
perl-records512,poisoncap-temporal,32,63,327,147576,84519,0.003868952543215135,57.27150756220524,3
perl-records512,poisoncap-temporal,64,127,693,147576,84519,0.008199339793419231,57.27150756220524,3
perl-records512,poisoncap-temporal,128,255,1377,147576,84519,0.016292194654456395,57.27150756220524,3
perl-records512,poisoncap-temporal,256,511,2775,147576,84519,0.03283285415113761,57.27150756220524,3
perl-records512,poisoncap-temporal,512,1023,5505,147576,84519,0.06513328364036489,57.27150756220524,3
perl-records512,poisoncap-temporal,1024,2047,10764,147576,84519,0.12735597912895325,57.27150756220524,3
perl-records512,poisoncap-temporal,2048,4095,16125,147576,84519,0.19078550385120505,57.27150756220524,3
perl-records512,poisoncap-temporal,4096,8191,28143,147576,84519,0.33297838355872644,57.27150756220524,3
perl-records512,poisoncap-temporal,8192,16383,18444,147576,84519,0.2182231214283179,57.27150756220524,3
perl-records512,poisoncap-temporal,16384,32767,12,147576,84519,0.00014197990984275724,57.27150756220524,3
perl-records512,poisoncap-temporal,32768,65535,0,147576,84519,0.0,57.27150756220524,3
perl-records512,poisoncap-temporal,65536,131071,0,147576,84519,0.0,57.27150756220524,3
perl-records512,poisoncap-temporal,131072,262143,0,147576,84519,0.0,57.27150756220524,3
perl-records512,poisoncap-temporal,262144,524287,0,147576,84519,0.0,57.27150756220524,3
perl-records512,poisoncap-temporal,524288,1048575,0,147576,84519,0.0,57.27150756220524,3
perl-records512,poisoncap-temporal,1048576,2097151,0,147576,84519,0.0,57.27150756220524,3
perl-records512,poisoncap-temporal,2097152,4194303,0,147576,84519,0.0,57.27150756220524,3
perl-records512,poisoncap-temporal,4194304,8388607,0,147576,84519,0.0,57.27150756220524,3
perl-records512,poisoncap-temporal,8388608,16777215,0,147576,84519,0.0,57.27150756220524,3
perl-records512,poisoncap-temporal,16777216,33554431,0,147576,84519,0.0,57.27150756220524,3
perl-records512,poisoncap-temporal,33554432,67108863,0,147576,84519,0.0,57.27150756220524,3
perl-records512,poisoncap-temporal,67108864,134217727,0,147576,84519,0.0,57.27150756220524,3
perl-records512,poisoncap-temporal,134217728,268435455,0,147576,84519,0.0,57.27150756220524,3
perl-records512,poisoncap-temporal,268435456,536870911,0,147576,84519,0.0,57.27150756220524,3
perl-records512,poisoncap-temporal,536870912,1073741823,0,147576,84519,0.0,57.27150756220524,3
perl-records512,poisoncap-temporal,1073741824,2147483647,0,147576,84519,0.0,57.27150756220524,3
perl-records512,poisoncap-temporal,2147483648,4294967295,0,147576,84519,0.0,57.27150756220524,3
