case	sysalloc-none	sysalloc-bounds	sysalloc-sublet	sublet-svheads
1189b87114	fault cause 24	fault cause 24	fault cause 24	fault cause 24
17535c984a	silent (exit 0)	silent (exit 0)	silent (exit 0)	fault cause 24
254b30e378	silent (exit 0)	silent (exit 0)	fault cause 24	silent (exit 0)
39b4841b25	fault cause 24	fault cause 24	fault cause 24	fault cause 24
40727c420c	fault cause 24	fault cause 24	fault cause 24	fault cause 24
9e298ab597	silent (exit 0)	silent (exit 0)	silent (exit 0)	silent (exit 0)
ad5fedb002	fault cause 24	fault cause 24	fault cause 24	fault cause 24
af11b0c528	silent (exit 0)	silent (exit 0)	silent (exit 0)	silent (exit 0)
b7b77ffc1e	fault cause 24	fault cause 5	fault cause 5	fault cause 5
d2cddbe1df	silent (exit 255)	silent (exit 255)	silent (exit 255)	silent (exit 255)
e4be969235	fault cause 24	fault cause 24	fault cause 24	fault cause 24
